,"C-7 PART C(i) : LANGUAGES IN DESCENDING ORDER OF STRENGTH - INDIA, ",,,,,,
,STATES AND UNION TERRITORIES - 1991,,,,,,
,Language, Number of Persons who returned the Language as their mother tongue ,,,,,
,, Total ,Percent to State Total Population,  Rural  , Urban ,Proportion Rural,Proportion Urban
,,,,,,,
,,,,,,,
,1,2,3,4,5,6,7
,,,,,,,
,I N D I A ,,,,,,
1,Hindi," 337,272,114 ",40.220," 265,144,522 "," 72,127,592 ",78.61,21.39
2,Bengali," 69,595,738 ",8.299," 53,305,609 "," 16,290,129 ",76.59,23.41
3,Telugu," 66,017,615 ",7.873," 48,470,675 "," 17,546,940 ",73.42,26.58
4,Marathi," 62,481,681 ",7.451," 43,280,916 "," 19,200,765 ",69.27,30.73
5,Tamil," 53,006,368 ",6.321," 34,697,651 "," 18,308,717 ",65.46,34.54
6,Urdu," 43,406,932 ",5.176," 20,046,872 "," 23,360,060 ",46.18,53.82
7,Gujarati," 40,673,814 ",4.850," 26,615,002 "," 14,058,812 ",65.44,34.56
8,Kannada," 32,753,676 ",3.906," 25,120,662 "," 7,633,014 ",76.70,23.30
9,Malayalam," 30,377,176 ",3.623," 21,485,405 "," 8,891,771 ",70.73,29.27
10,Oriya," 28,061,313 ",3.346," 24,388,823 "," 3,672,490 ",86.91,13.09
11,Punjabi," 23,378,744 ",2.788," 16,015,346 "," 7,363,398 ",68.50,31.50
12,Assamese," 13,079,696 ",1.560," 11,873,675 "," 1,206,021 ",90.78,9.22
13,Bhili/Bhilodi," 5,572,308 ",0.665," 5,424,175 "," 148,133 ",97.34,2.66
14,Santali," 5,216,325 ",0.622," 5,014,228 "," 202,097 ",96.13,3.87
15,Gondi," 2,124,852 ",0.253," 2,079,058 "," 45,794 ",97.84,2.16
16,Sindhi," 2,122,848 ",0.253," 440,446 "," 1,682,402 ",20.75,79.25
17,Nepali," 2,076,645 ",0.248," 1,567,869 "," 508,776 ",75.50,24.50
18,Konkani," 1,760,607 ",0.210," 844,239 "," 916,368 ",47.95,52.05
19,Tulu," 1,552,259 ",0.185," 1,119,719 "," 432,540 ",72.13,27.87
20,Kurukh/Oraon," 1,426,618 ",0.170," 1,327,304 "," 99,314 ",93.04,6.96
21,Manipuri," 1,270,216 ",0.151," 816,902 "," 453,314 ",64.31,35.69
22,Bodo/Boro," 1,221,881 ",0.146," 1,197,568 "," 24,313 ",98.01,1.99
23,Khandeshi," 973,709 ",0.116," 884,249 "," 89,460 ",90.81,9.19
24,Ho," 949,216 ",0.113," 887,253 "," 61,963 ",93.47,6.53
25,Khasi," 912,283 ",0.109," 758,723 "," 153,560 ",83.17,16.83
26,Mundari," 861,378 ",0.103," 803,488 "," 57,890 ",93.28,6.72
27,Tripuri," 694,940 ",0.083," 681,341 "," 13,599 ",98.04,1.96
28,Garo," 675,642 ",0.081," 624,284 "," 51,358 ",92.40,7.60
29,Kui," 641,662 ",0.077," 630,848 "," 10,814 ",98.31,1.69
30,Lushai/Mizo," 538,842 ",0.064," 246,625 "," 292,217 ",45.77,54.23
31,Halabi," 534,313 ",0.064," 495,796 "," 38,517 ",92.79,7.21
32,Korku," 466,073 ",0.056," 462,875 "," 3,198 ",99.31,0.69
33,Munda," 413,894 ",0.049," 376,896 "," 36,998 ",91.06,8.94
34,Miri/Mishing," 390,583 ",0.047," 387,998 "," 2,585 ",99.34,0.66
35,Karbi/Mikir," 366,229 ",0.044," 342,208 "," 24,021 ",93.44,6.56
36,Savara," 273,168 ",0.033," 271,251 "," 1,917 ",99.30,0.70
37,Koya," 270,994 ",0.032," 268,506 "," 2,488 ",99.08,0.92
38,Kharia," 225,556 ",0.027," 212,035 "," 13,521 ",94.01,5.99
39,Khond/Kondh," 220,783 ",0.026," 217,016 "," 3,767 ",98.29,1.71
40,English," 178,598 ",0.021," 8,223 "," 170,375 ",4.60,95.40
41,Nissi/Dafla," 173,791 ",0.021," 161,144 "," 12,647 ",92.72,7.28
42,Ao," 172,449 ",0.021," 135,009 "," 37,440 ",78.29,21.71
43,Sema," 166,157 ",0.020," 148,019 "," 18,138 ",89.08,10.92
44,Kisan," 162,088 ",0.019," 151,949 "," 10,139 ",93.74,6.26
45,Adi," 158,409 ",0.019," 145,569 "," 12,840 ",91.89,8.11
46,Rabha," 139,365 ",0.017," 138,172 "," 1,193 ",99.14,0.86
47,Konyak," 137,722 ",0.016," 129,168 "," 8,554 ",93.79,6.21
48,Malto," 108,148 ",0.013," 108,046 ", 102 ,99.91,0.09
49,Thado," 107,992 ",0.013," 103,491 "," 4,501 ",95.83,4.17
50,Tangkhul," 101,841 ",0.012," 97,363 "," 4,478 ",95.60,4.40
51,Kolami," 98,281 ",0.012," 97,783 ", 498 ,99.49,0.51
52,Angami," 97,631 ",0.012," 78,977 "," 18,654 ",80.89,19.11
53,Coorgi/Kodagu," 97,011 ",0.012," 73,624 "," 23,387 ",75.89,24.11
54,Dogri," 89,681 ",0.011," 67,161 "," 22,520 ",74.89,25.11
55,Dimasa," 88,543 ",0.011," 83,889 "," 4,654 ",94.74,5.26
56,Lotha," 85,802 ",0.010," 67,559 "," 18,243 ",78.74,21.26
57,Mao," 77,810 ",0.009," 75,112 "," 2,698 ",96.53,3.47
58,Tibetan," 69,416 ",0.008," 48,142 "," 21,274 ",69.35,30.65
59,Kabui," 68,925 ",0.008," 59,275 "," 9,650 ",86.00,14.00
60,Phom," 65,350 ",0.008," 64,484 ", 866 ,98.67,1.33
61,Hmar," 65,204 ",0.008," 55,568 "," 9,636 ",85.22,14.78
62,Kinnauri," 61,794 ",0.007," 60,763 "," 1,031 ",98.33,1.67
63,Bishnupuriya," 59,233 ",0.007," 56,124 "," 3,109 ",94.75,5.25
64,Kuki," 58,263 ",0.007," 50,900 "," 7,363 ",87.36,12.64
65,Kashmiri," 56,693 ",0.007," 32,443 "," 24,250 ",57.23,42.77
66,Bhotia," 55,483 ",0.007," 49,596 "," 5,887 ",89.39,10.61
67,Sanskrit," 49,736 ",0.006," 42,833 "," 6,903 ",86.12,13.88
68,Paite," 49,237 ",0.006," 35,135 "," 14,102 ",71.36,28.64
69,Chakru/Chokri," 48,207 ",0.006," 45,978 "," 2,229 ",95.38,4.62
70,Sangtam," 47,461 ",0.006," 43,861 "," 3,600 ",92.41,7.59
71,Yimchungre," 47,227 ",0.006," 44,107 "," 3,120 ",93.39,6.61
72,Bhumij," 45,302 ",0.005," 43,143 "," 2,159 ",95.23,4.77
73,Parji," 44,001 ",0.005," 43,959 ", 42 ,99.90,0.10
74,Monpa," 43,226 ",0.005," 41,367 "," 1,859 ",95.70,4.30
75,Wancho," 39,600 ",0.005," 39,079 ", 521 ,98.68,1.32
76,Lepcha," 39,342 ",0.005," 38,349 ", 993 ,97.48,2.52
77,Rengma," 37,521 ",0.004," 34,320 "," 3,201 ",91.47,8.53
78,Zeliang," 35,079 ",0.004," 33,569 "," 1,510 ",95.70,4.30
79,Lalung," 33,746 ",0.004," 32,669 "," 1,077 ",96.81,3.19
80,Chang," 32,478 ",0.004," 25,993 "," 6,485 ",80.03,19.97
81,Chakhesang," 30,985 ",0.004," 26,322 "," 4,663 ",84.95,15.05
82,Nocte," 30,441 ",0.004," 29,044 "," 1,397 ",95.41,4.59
83,Halam," 29,322 ",0.003," 29,184 ", 138 ,99.53,0.47
84,Mishmi," 29,000 ",0.003," 27,574 "," 1,426 ",95.08,4.92
85,Koda/Kora," 28,200 ",0.003," 26,855 "," 1,345 ",95.23,4.77
86,Limbu," 28,174 ",0.003," 27,834 ", 340 ,98.79,1.21
87,Gadaba," 28,158 ",0.003," 27,135 "," 1,023 ",96.37,3.63
88,Mogh," 28,135 ",0.003," 28,007 ", 128 ,99.55,0.45
89,Tangsa," 28,121 ",0.003," 27,697 ", 424 ,98.49,1.51
90,Korwa," 27,485 ",0.003," 25,935 "," 1,550 ",94.36,5.64
91,Liangmei," 27,478 ",0.003," 27,367 ", 111 ,99.60,0.40
92,Lahnda," 27,386 ",0.003," 15,703 "," 11,683 ",57.34,42.66
93,Nicobarese," 26,261 ",0.003," 25,732 ", 529 ,97.99,2.01
94,Vaiphei," 26,185 ",0.003," 23,263 "," 2,922 ",88.84,11.16
95,Koch," 26,179 ",0.003," 25,307 ", 872 ,96.67,3.33
96,Jatapu," 25,730 ",0.003," 25,713 ", 17 ,99.93,0.07
97,Khiemnungan," 23,544 ",0.003," 21,897 "," 1,647 ",93.00,7.00
98,Lakher," 22,947 ",0.003," 17,713 "," 5,234 ",77.19,22.81
99,Zemi," 22,634 ",0.003," 21,642 ", 992 ,95.62,4.38
100,Lahauli," 22,027 ",0.003," 20,675 "," 1,352 ",93.86,6.14
101,Arabic/Arbi," 21,975 ",0.003," 11,165 "," 10,810 ",50.81,49.19
102,Deori," 17,901 ",0.002," 17,265 ", 636 ,96.45,3.55
103,Konda," 17,864 ",0.002," 17,738 ", 126 ,99.29,0.71
104,Juang," 16,858 ",0.002," 16,810 ", 48 ,99.72,0.28
105,Sherpa," 16,105 ",0.002," 15,536 ", 569 ,96.47,3.53
106,Zou," 15,966 ",0.002," 13,616 "," 2,350 ",85.28,14.72
107,Pawi," 15,346 ",0.002," 12,475 "," 2,871 ",81.29,18.71
108,Maring," 15,268 ",0.002," 14,983 ", 285 ,98.13,1.87
109,Gangte," 13,695 ",0.002," 10,726 "," 2,969 ",78.32,21.68
110,Kom," 13,548 ",0.002," 13,044 ", 504 ,96.28,3.72
111,Khezha," 13,004 ",0.002," 12,282 ", 722 ,94.45,5.55
112,Anal," 12,156 ",0.001," 11,695 ", 461 ,96.21,3.79
113,Pochury," 11,231 ",0.001," 11,050 ", 181 ,98.39,1.61
114,Maram," 10,144 ",0.001," 9,977 ", 167 ,98.35,1.65
,Total of Other Languages," 565,949 ",0.067," 387,390 "," 178,559 ",68.45,31.55
,All Languages Total," 838,567,936 ",100.000," 622,796,324 "," 215,771,612 ",74.27,25.73
,,,,,,,
,Andhra Pradesh,,,,,,
1,Telugu," 56,375,755 ",84.765," 43,083,713 "," 13,292,042 ",76.42,23.58
2,Urdu," 5,560,154 ",8.360," 2,205,054 "," 3,355,100 ",39.66,60.34
3,Hindi," 1,841,290 ",2.769," 1,414,438 "," 426,852 ",76.82,23.18
4,Tamil," 753,484 ",1.133," 466,151 "," 287,333 ",61.87,38.13
5,Kannada," 519,507 ",0.781," 408,102 "," 111,405 ",78.56,21.44
6,Marathi," 503,609 ",0.757," 336,296 "," 167,313 ",66.78,33.22
7,Oriya," 259,947 ",0.391," 200,160 "," 59,787 ",77.00,23.00
8,Koya," 168,828 ",0.254," 166,464 "," 2,364 ",98.60,1.40
9,Gondi," 144,259 ",0.217," 141,442 "," 2,817 ",98.05,1.95
10,Malayalam," 66,409 ",0.100," 8,159 "," 58,250 ",12.29,87.71
11,Savara," 52,824 ",0.079," 52,629 ", 195 ,99.63,0.37
12,Gujarati," 43,844 ",0.066," 4,130 "," 39,714 ",9.42,90.58
13,Bengali," 30,281 ",0.046," 12,786 "," 17,495 ",42.22,57.78
14,Khond/Kondh," 26,814 ",0.040," 26,808 ", 6 ,99.98,0.02
15,Jatapu," 25,503 ",0.038," 25,492 ", 11 ,99.96,0.04
16,Punjabi," 24,773 ",0.037," 1,481 "," 23,292 ",5.98,94.02
17,Kolami," 23,910 ",0.036," 23,785 ", 125 ,99.48,0.52
18,Konda," 16,852 ",0.025," 16,789 ", 63 ,99.63,0.37
19,Sindhi," 12,919 ",0.019, 102 ," 12,817 ",0.79,99.21
20,English," 9,626 ",0.014, 458 ," 9,168 ",4.76,95.24
21,Gadaba," 9,197 ",0.014," 8,761 ", 436 ,95.26,4.74
22,Nepali," 6,634 ",0.010," 1,945 "," 4,689 ",29.32,70.68
23,Kui," 5,502 ",0.008," 5,502 ", -   ,100.00,0.00
24,Konkani," 3,794 ",0.006, 202 ," 3,592 ",5.32,94.68
25,Lahnda," 2,432 ",0.004," 2,432 ", -   ,100.00,0.00
26,Assemese," 1,302 ",0.002, 56 ," 1,246 ",4.30,95.70
27,Parji," 1,302 ",0.002," 1,296 ", 6 ,99.54,0.46
28,Bhili/Bhilodi," 1,277 ",0.002, 191 ," 1,086 ",14.96,85.04
29,Mundari," 1,172 ",0.002," 1,160 ", 12 ,98.98,1.02
30,Tulu, 763 ,0.001, 101 , 662 ,13.24,86.76
31,Kashmiri, 612 ,0.001, 4 , 608 ,0.65,99.35
32,Dogri, 596 ,0.001, 19 , 577 ,3.19,96.81
33,Bhumij, 443 ,0.001, 433 , 10 ,97.74,2.26
34,Arabic/Arbi, 295 ,0.000, 68 , 227 ,23.05,76.95
35,Manipuri, 221 ,0.000, 2 , 219 ,0.90,99.10
36,Sanskrit, 199 ,0.000, 65 , 134 ,32.66,67.34
37,Coorgi/Kodagu, 84 ,0.000, 3 , 81 ,3.57,96.43
38,Bodo/Boro, 74 ,0.000, -   , 74 ,0.00,100.00
39,Kuki, 72 ,0.000, -   , 72 ,0.00,100.00
40,Kurukh/Oraon, 54 ,0.000, 46 , 8 ,85.19,14.81
41,Santali, 53 ,0.000, 7 , 46 ,13.21,86.79
42,Kharia, 22 ,0.000, 12 , 10 ,54.55,45.45
43,Khasi, 21 ,0.000, -   , 21 ,0.00,100.00
44,Dimasa, 21 ,0.000, -   , 21 ,0.00,100.00
45,Adi, 18 ,0.000, 6 , 12 ,33.33,66.67
46,Garo, 14 ,0.000, 1 , 13 ,7.14,92.86
47,Lushai/Mizo, 14 ,0.000, 1 , 13 ,7.14,92.86
48,Kinnauri, 11 ,0.000, 1 , 10 ,9.09,90.91
49,Korwa, 11 ,0.000, 2 , 9 ,18.18,81.82
50,Halabi, 11 ,0.000, 11 , -   ,100.00,0.00
51,Korku, 8 ,0.000, -   , 8 ,0.00,100.00
52,Thado, 8 ,0.000, -   , 8 ,0.00,100.00
53,Nocte, 7 ,0.000, -   , 7 ,0.00,100.00
54,Tripuri, 7 ,0.000, -   , 7 ,0.00,100.00
55,Hmar, 6 ,0.000, -   , 6 ,0.00,100.00
56,Munda, 6 ,0.000, 2 , 4 ,33.33,66.67
57,Paite, 6 ,0.000, -   , 6 ,0.00,100.00
58,Karbi/Mikir, 5 ,0.000, -   , 5 ,0.00,100.00
59,Anal, 4 ,0.000, -   , 4 ,0.00,100.00
60,Monpa, 4 ,0.000, -   , 4 ,0.00,100.00
61,Malto , 3 ,0.000, -   , 3 ,0.00,100.00
62,Vaiphei, 3 ,0.000, -   , 3 ,0.00,100.00
63,Tangsa, 3 ,0.000, -   , 3 ,0.00,100.00
64,Tibetan, 3 ,0.000, 2 , 1 ,66.67,33.33
65,Gangte, 2 ,0.000, -   , 2 ,0.00,100.00
66,Bishnupuriya, 2 ,0.000, -   , 2 ,0.00,100.00
67,Zou, 2 ,0.000, -   , 2 ,0.00,100.00
68,Nicobarese, 2 ,0.000, -   , 2 ,0.00,100.00
69,Phom, 2 ,0.000, -   , 2 ,0.00,100.00
70,Ho, 1 ,0.000, -   , 1 ,0.00,100.00
71,Nissi/Dafla, 1 ,0.000, -   , 1 ,0.00,100.00
,Total of Other Languages," 11,114 ",0.017," 4,112 "," 7,002 ",37.00,63.00
,All Languages Total," 66,508,008 ",100.000," 48,620,882 "," 17,887,126 ",73.11,26.89
,,,,,,,
,Arunachal Pradesh,,,,,,
1,Nissi/Dafla," 172,149 ",19.912," 159,856 "," 12,293 ",92.86,7.14
2,Adi," 155,094 ",17.939," 142,706 "," 12,388 ",92.01,7.99
3,Nepali," 81,176 ",9.389," 64,842 "," 16,334 ",79.88,20.12
4,Bengali," 70,771 ",8.186," 52,183 "," 18,588 ",73.74,26.26
5,Hindi," 63,196 ",7.310," 41,345 "," 21,851 ",65.42,34.58
6,Assemese," 48,222 ",5.578," 36,437 "," 11,785 ",75.56,24.44
7,Monpa," 43,179 ",4.994," 41,353 "," 1,826 ",95.77,4.23
8,Wancho," 39,542 ",4.574," 39,041 ", 501 ,98.73,1.27
9,Nocte," 30,066 ",3.478," 28,742 "," 1,324 ",95.60,4.40
10,Mishmi," 28,441 ",3.290," 27,053 "," 1,388 ",95.12,4.88
11,Tangsa," 25,259 ",2.922," 24,968 ", 291 ,98.85,1.15
12,Oriya," 9,211 ",1.065," 8,093 "," 1,118 ",87.86,12.14
13,Miri/Mishing," 8,916 ",1.031," 8,421 ", 495 ,94.45,5.55
14,Tibetan," 8,787 ",1.016," 8,281 ", 506 ,94.24,5.76
15,Malayalam," 5,046 ",0.584," 2,877 "," 2,169 ",57.02,42.98
16,Bodo/Boro," 4,204 ",0.486," 3,583 ", 621 ,85.23,14.77
17,Munda," 2,465 ",0.285," 2,340 ", 125 ,94.93,5.07
18,Punjabi," 2,061 ",0.238," 1,314 ", 747 ,63.76,36.24
19,Deori," 1,924 ",0.223," 1,591 ", 333 ,82.69,17.31
20,Urdu," 1,370 ",0.158, 701 , 669 ,51.17,48.83
21,Santali," 1,357 ",0.157," 1,321 ", 36 ,97.35,2.65
22,Telugu," 1,333 ",0.154, 929 , 404 ,69.69,30.31
23,Manipuri," 1,137 ",0.132, 583 , 554 ,51.28,48.72
24,Mundari," 1,097 ",0.127," 1,076 ", 21 ,98.09,1.91
25,Karbi/Mikir," 1,034 ",0.120, 955 , 79 ,92.36,7.64
26,Garo, 999 ,0.116, 870 , 129 ,87.09,12.91
27,Kurukh/Oraon, 967 ,0.112, 899 , 68 ,92.97,7.03
28,Tamil, 887 ,0.103, 567 , 320 ,63.92,36.08
29,Marathi, 548 ,0.063, 422 , 126 ,77.01,22.99
30,Kharia, 419 ,0.048, 410 , 9 ,97.85,2.15
31,Dogri, 406 ,0.047, 309 , 97 ,76.11,23.89
32,Sherpa, 354 ,0.041, 320 , 34 ,90.40,9.60
33,Savara, 312 ,0.036, 301 , 11 ,96.47,3.53
34,Lushai/Mizo, 298 ,0.034, 200 , 98 ,67.11,32.89
35,Khasi, 221 ,0.026, 104 , 117 ,47.06,52.94
36,Kannada, 182 ,0.021, 112 , 70 ,61.54,38.46
37,Malto , 155 ,0.018, 155 , -   ,100.00,0.00
38,Gujarati, 140 ,0.016, 98 , 42 ,70.00,30.00
39,Rabha, 134 ,0.015, 123 , 11 ,91.79,8.21
40,Gondi, 121 ,0.014, 119 , 2 ,98.35,1.65
41,Limbu, 86 ,0.010, 78 , 8 ,90.70,9.30
42,Konkani, 74 ,0.009, 70 , 4 ,94.59,5.41
43,Bhotia, 71 ,0.008, 69 , 2 ,97.18,2.82
44,Tripuri, 61 ,0.007, 40 , 21 ,65.57,34.43
45,Kashmiri, 46 ,0.005, 32 , 14 ,69.57,30.43
46,Ao, 40 ,0.005, 33 , 7 ,82.50,17.50
47,Kuki, 31 ,0.004, 21 , 10 ,67.74,32.26
48,Bishnupuriya, 31 ,0.004, 24 , 7 ,77.42,22.58
49,Ho, 27 ,0.003, 27 , -   ,100.00,0.00
50,Tangkhul, 26 ,0.003, 16 , 10 ,61.54,38.46
51,Sindhi, 25 ,0.003, 25 , -   ,100.00,0.00
52,Parji, 24 ,0.003, 24 , -   ,100.00,0.00
53,Sema, 16 ,0.002, 13 , 3 ,81.25,18.75
54,Bhumij, 15 ,0.002, 11 , 4 ,73.33,26.67
55,Kisan, 13 ,0.002, 13 , -   ,100.00,0.00
56,English, 12 ,0.001, 11 , 1 ,91.67,8.33
57,Mao, 10 ,0.001, 9 , 1 ,90.00,10.00
58,Rengma, 10 ,0.001, 10 , -   ,100.00,0.00
59,Lepcha, 9 ,0.001, 7 , 2 ,77.78,22.22
60,Hmar, 8 ,0.001, 1 , 7 ,12.50,87.50
61,Lotha, 8 ,0.001, 7 , 1 ,87.50,12.50
62,Bhili/Bhilodi, 7 ,0.001, 7 , -   ,100.00,0.00
63,Khandeshi, 7 ,0.001, 7 , -   ,100.00,0.00
64,Sanskrit, 6 ,0.001, 6 , -   ,100.00,0.00
65,Dimasa, 6 ,0.001, 1 , 5 ,16.67,83.33
66,Mogh, 5 ,0.001, 5 , -   ,100.00,0.00
67,Thado, 5 ,0.001, 5 , -   ,100.00,0.00
68,Korwa, 3 ,0.000, 3 , -   ,100.00,0.00
69,Koch, 3 ,0.000, 3 , -   ,100.00,0.00
70,Liangmei, 3 ,0.000, 1 , 2 ,33.33,66.67
71,Paite, 2 ,0.000, 1 , 1 ,50.00,50.00
72,Angami, 1 ,0.000, -   , 1 ,0.00,100.00
73,Arabic/Arbi, 1 ,0.000, -   , 1 ,0.00,100.00
74,Kabui, 1 ,0.000, 1 , -   ,100.00,0.00
75,Lakher, 1 ,0.000, 1 , -   ,100.00,0.00
76,Lahauli, 1 ,0.000, 1 , -   ,100.00,0.00
77,Jatapu, 1 ,0.000, 1 , -   ,100.00,0.00
78,Lalung, 1 ,0.000, 1 , -   ,100.00,0.00
79,Kom, 1 ,0.000, 1 , -   ,100.00,0.00
80,Vaiphei, 1 ,0.000, 1 , -   ,100.00,0.00
,Total of Other Languages," 50,679 ",5.862," 47,743 "," 2,936 ",94.21,5.79
,All Languages Total," 864,558 ",100.000," 753,930 "," 110,628 ",87.20,12.80
,,,,,,,
,Assam,,,,,,
1,Assemese," 12,958,088 ",57.812," 11,794,053 "," 1,164,035 ",91.02,8.98
2,Bengali," 4,856,532 ",21.667," 4,024,917 "," 831,615 ",82.88,17.12
3,Bodo/Boro," 1,184,569 ",5.285," 1,163,310 "," 21,259 ",98.21,1.79
4,Hindi," 1,035,474 ",4.620," 705,443 "," 330,031 ",68.13,31.87
5,Nepali," 432,519 ",1.930," 394,523 "," 37,996 ",91.22,8.78
6,Miri/Mishing," 381,562 ",1.702," 379,537 "," 2,025 ",99.47,0.53
7,Karbi/Mikir," 355,032 ",1.584," 331,355 "," 23,677 ",93.33,6.67
8,Oriya," 140,782 ",0.628," 136,281 "," 4,501 ",96.80,3.20
9,Santali," 135,905 ",0.606," 135,116 ", 789 ,99.42,0.58
10,Manipuri," 126,987 ",0.567," 112,111 "," 14,876 ",88.29,11.71
11,Garo," 114,779 ",0.512," 113,250 "," 1,529 ",98.67,1.33
12,Rabha," 112,424 ",0.502," 111,554 ", 870 ,99.23,0.77
13,Dimasa," 84,654 ",0.378," 80,088 "," 4,566 ",94.61,5.39
14,Munda," 75,420 ",0.336," 74,802 ", 618 ,99.18,0.82
15,Kurukh/Oraon," 54,202 ",0.242," 53,491 ", 711 ,98.69,1.31
16,Bishnupuriya," 39,370 ",0.176," 38,161 "," 1,209 ",96.93,3.07
17,Lalung," 32,633 ",0.146," 31,557 "," 1,076 ",96.70,3.30
18,Khasi," 29,384 ",0.131," 28,252 "," 1,132 ",96.15,3.85
19,Telugu," 22,816 ",0.102," 11,679 "," 11,137 ",51.19,48.81
20,Hmar," 19,054 ",0.085," 15,849 "," 3,205 ",83.18,16.82
21,Deori," 15,955 ",0.071," 15,667 ", 288 ,98.19,1.81
22,Kuki," 15,209 ",0.068," 12,546 "," 2,663 ",82.49,17.51
23,Punjabi," 14,289 ",0.064," 3,101 "," 11,188 ",21.70,78.30
24,Mundari," 14,223 ",0.063," 13,968 ", 255 ,98.21,1.79
25,Sema," 13,836 ",0.062," 13,821 ", 15 ,99.89,0.11
26,Tripuri," 12,965 ",0.058," 12,807 ", 158 ,98.78,1.22
27,Zemi," 11,541 ",0.051," 10,590 ", 951 ,91.76,8.24
28,Koch," 7,205 ",0.032," 7,027 ", 178 ,97.53,2.47
29,Kharia," 5,955 ",0.027," 5,903 ", 52 ,99.13,0.87
30,Gujarati," 5,484 ",0.024," 4,695 ", 789 ,85.61,14.39
31,Rengma," 4,679 ",0.021," 3,529 "," 1,150 ",75.42,24.58
32,Halam," 3,978 ",0.018," 3,970 ", 8 ,99.80,0.20
33,Urdu," 3,935 ",0.018," 2,095 "," 1,840 ",53.24,46.76
34,Thado," 3,714 ",0.017," 3,692 ", 22 ,99.41,0.59
35,Malayalam," 3,575 ",0.016," 1,257 "," 2,318 ",35.16,64.84
36,Gondi," 2,971 ",0.013," 2,926 ", 45 ,98.49,1.51
37,Savara," 2,927 ",0.013," 2,518 ", 409 ,86.03,13.97
38,Lushai/Mizo," 2,719 ",0.012," 1,307 "," 1,412 ",48.07,51.93
39,Tangsa," 2,515 ",0.011," 2,504 ", 11 ,99.56,0.44
40,Adi," 2,316 ",0.010," 2,218 ", 98 ,95.77,4.23
41,Tamil," 1,770 ",0.008, 696 ," 1,074 ",39.32,60.68
42,Marathi," 1,533 ",0.007, 718 , 815 ,46.84,53.16
43,Nissi/Dafla," 1,450 ",0.006," 1,159 ", 291 ,79.93,20.07
44,Yimchungre," 1,347 ",0.006," 1,347 ", -   ,100.00,0.00
45,Lotha," 1,326 ",0.006," 1,307 ", 19 ,98.57,1.43
46,Kisan," 1,136 ",0.005," 1,136 ", -   ,100.00,0.00
47,Kabui, 946 ,0.004, 942 , 4 ,99.58,0.42
48,Bhumij, 871 ,0.004, 849 , 22 ,97.47,2.53
49,Ao, 856 ,0.004, 692 , 164 ,80.84,19.16
50,Sindhi, 852 ,0.004, 576 , 276 ,67.61,32.39
51,Ho, 679 ,0.003, 679 , -   ,100.00,0.00
52,Limbu, 619 ,0.003, 611 , 8 ,98.71,1.29
53,Tibetan, 619 ,0.003, 604 , 15 ,97.58,2.42
54,Konkani, 609 ,0.003, 569 , 40 ,93.43,6.57
55,Kannada, 565 ,0.003, 293 , 272 ,51.86,48.14
56,Vaiphei, 519 ,0.002, 374 , 145 ,72.06,27.94
57,Arabic/Arbi, 497 ,0.002, 401 , 96 ,80.68,19.32
58,English, 461 ,0.002, 153 , 308 ,33.19,66.81
59,Nocte, 341 ,0.002, 301 , 40 ,88.27,11.73
60,Koya, 333 ,0.001, 328 , 5 ,98.50,1.50
61,Parji, 266 ,0.001, 265 , 1 ,99.62,0.38
62,Khond/Kondh, 168 ,0.001, 168 , -   ,100.00,0.00
63,Paite, 141 ,0.001, 110 , 31 ,78.01,21.99
64,Bhili/Bhilodi, 137 ,0.001, 137 , -   ,100.00,0.00
65,Dogri, 132 ,0.001, 98 , 34 ,74.24,25.76
66,Tangkhul, 111 ,0.000, 66 , 45 ,59.46,40.54
67,Bhotia, 108 ,0.000, 94 , 14 ,87.04,12.96
68,Konda, 97 ,0.000, 91 , 6 ,93.81,6.19
69,Kashmiri, 88 ,0.000, 52 , 36 ,59.09,40.91
70,Gangte, 78 ,0.000, 15 , 63 ,19.23,80.77
71,Angami, 74 ,0.000, 39 , 35 ,52.70,47.30
72,Koda/Kora, 73 ,0.000, 73 , -   ,100.00,0.00
73,Sherpa, 47 ,0.000, 35 , 12 ,74.47,25.53
74,Mogh, 40 ,0.000, 35 , 5 ,87.50,12.50
75,Wancho, 26 ,0.000, 23 , 3 ,88.46,11.54
76,Monpa, 24 ,0.000, -   , 24 ,0.00,100.00
77,Mao, 14 ,0.000, 1 , 13 ,7.14,92.86
78,Sanskrit, 7 ,0.000, 1 , 6 ,14.29,85.71
79,Konyak, 7 ,0.000, 2 , 5 ,28.57,71.43
80,Chakhesang, 3 ,0.000, -   , 3 ,0.00,100.00
81,Anal, 2 ,0.000, 2 , -   ,100.00,0.00
82,Lepcha, 2 ,0.000, -   , 2 ,0.00,100.00
83,Mishmi, 2 ,0.000, -   , 2 ,0.00,100.00
84,Coorgi/Kodagu, 1 ,0.000, 1 , -   ,100.00,0.00
85,Zeliang, 1 ,0.000, -   , 1 ,0.00,100.00
,Total of Other Languages," 53,167 ",0.237," 50,014 "," 3,153 ",94.07,5.93
,All Languages Total," 22,414,322 ",100.000," 19,926,527 "," 2,487,795 ",88.90,11.10
,,,,,,,
,Bihar,,,,,,
1,Hindi," 69,845,979 ",80.864," 61,240,808 "," 8,605,171 ",87.68,12.32
2,Urdu," 8,542,463 ",9.890," 6,947,057 "," 1,595,406 ",81.32,18.68
3,Santali," 2,546,655 ",2.948," 2,460,888 "," 85,767 ",96.63,3.37
4,Bengali," 2,523,040 ",2.921," 1,938,577 "," 584,463 ",76.83,23.17
5,Kurukh/Oraon," 681,921 ",0.789," 615,812 "," 66,109 ",90.31,9.69
6,Mundari," 668,958 ",0.774," 622,532 "," 46,426 ",93.06,6.94
7,Ho," 653,429 ",0.757," 603,146 "," 50,283 ",92.30,7.70
8,Oriya," 404,443 ",0.468," 293,327 "," 111,116 ",72.53,27.47
9,Kharia," 111,690 ",0.129," 106,082 "," 5,608 ",94.98,5.02
10,Malto ," 106,300 ",0.123," 106,221 ", 79 ,99.93,0.07
11,Punjabi," 84,956 ",0.098," 5,635 "," 79,321 ",6.63,93.37
12,Telugu," 33,008 ",0.038," 1,748 "," 31,260 ",5.30,94.70
13,Munda," 23,350 ",0.027," 18,125 "," 5,225 ",77.62,22.38
14,Gujarati," 21,589 ",0.025," 3,568 "," 18,021 ",16.53,83.47
15,Nepali," 21,122 ",0.024," 4,759 "," 16,363 ",22.53,77.47
16,Tamil," 16,304 ",0.019," 1,293 "," 15,011 ",7.93,92.07
17,Malayalam," 15,157 ",0.018," 1,598 "," 13,559 ",10.54,89.46
18,Bhumij," 13,071 ",0.015," 12,564 ", 507 ,96.12,3.88
19,Marathi," 7,745 ",0.009," 1,661 "," 6,084 ",21.45,78.55
20,Sindhi," 4,766 ",0.006, 219 ," 4,547 ",4.60,95.40
21,Arabic/Arbi," 3,907 ",0.005," 2,279 "," 1,628 ",58.33,41.67
22,English," 2,988 ",0.003, 406 ," 2,582 ",13.59,86.41
23,Koda/Kora," 2,561 ",0.003," 2,468 ", 93 ,96.37,3.63
24,Kannada, 934 ,0.001, 249 , 685 ,26.66,73.34
25,Sanskrit, 802 ,0.001, 484 , 318 ,60.35,39.65
26,Korwa, 775 ,0.001, 753 , 22 ,97.16,2.84
27,Assemese, 564 ,0.001, 207 , 357 ,36.70,63.30
28,Gondi, 380 ,0.000, 327 , 53 ,86.05,13.95
29,Konkani, 348 ,0.000, 39 , 309 ,11.21,88.79
30,Dogri, 322 ,0.000, 69 , 253 ,21.43,78.57
31,Kashmiri, 191 ,0.000, 33 , 158 ,17.28,82.72
32,Khasi, 145 ,0.000, 100 , 45 ,68.97,31.03
33,Kisan, 56 ,0.000, 34 , 22 ,60.71,39.29
34,Lushai/Mizo, 42 ,0.000, 5 , 37 ,11.90,88.10
35,Bhili/Bhilodi, 27 ,0.000, 19 , 8 ,70.37,29.63
36,Tibetan, 27 ,0.000, 1 , 26 ,3.70,96.30
37,Lahnda, 16 ,0.000, 8 , 8 ,50.00,50.00
38,Deori, 14 ,0.000, 1 , 13 ,7.14,92.86
39,Adi, 12 ,0.000, 2 , 10 ,16.67,83.33
40,Kinnauri, 9 ,0.000, -   , 9 ,0.00,100.00
41,Kolami, 9 ,0.000, -   , 9 ,0.00,100.00
42,Angami, 5 ,0.000, -   , 5 ,0.00,100.00
43,Bhotia, 5 ,0.000, -   , 5 ,0.00,100.00
44,Ao, 4 ,0.000, 4 , -   ,100.00,0.00
45,Coorgi/Kodagu, 4 ,0.000, 2 , 2 ,50.00,50.00
46,Savara, 3 ,0.000, 3 , -   ,100.00,0.00
47,Tulu, 3 ,0.000, -   , 3 ,0.00,100.00
48,Lepcha, 1 ,0.000, -   , 1 ,0.00,100.00
49,Bodo/Boro, 1 ,0.000, -   , 1 ,0.00,100.00
50,Paite, 1 ,0.000, -   , 1 ,0.00,100.00
51,Tangkhul, 1 ,0.000, -   , 1 ,0.00,100.00
,Total of Other Languages," 34,362 ",0.040," 28,340 "," 6,022 ",82.47,17.53
,All Languages Total," 86,374,465 ",100.000," 75,021,453 "," 11,353,012 ",86.86,13.14
,,,,,,,
,Goa,,,,,,
1,Konkani," 602,626 ",51.516," 344,252 "," 258,374 ",57.13,42.87
2,Marathi," 390,270 ",33.362," 290,457 "," 99,813 ",74.42,25.58
3,Kannada," 54,323 ",4.644," 22,720 "," 31,603 ",41.82,58.18
4,Urdu," 39,944 ",3.415," 10,565 "," 29,379 ",26.45,73.55
5,Hindi," 37,073 ",3.169," 8,483 "," 28,590 ",22.88,77.12
6,Malayalam," 12,962 ",1.108," 4,170 "," 8,792 ",32.17,67.83
7,Telugu," 7,949 ",0.680," 2,745 "," 5,204 ",34.53,65.47
8,Tamil," 6,818 ",0.583," 2,280 "," 4,538 ",33.44,66.56
9,English," 4,816 ",0.412," 1,711 "," 3,105 ",35.53,64.47
10,Gujarati," 4,461 ",0.381, 861 ," 3,600 ",19.30,80.70
11,Bengali," 1,839 ",0.157, 274 ," 1,565 ",14.90,85.10
12,Punjabi," 1,830 ",0.156, 141 ," 1,689 ",7.70,92.30
13,Nepali, 960 ,0.082, 448 , 512 ,46.67,53.33
14,Oriya, 683 ,0.058, 129 , 554 ,18.89,81.11
15,Tulu, 633 ,0.054, 136 , 497 ,21.48,78.52
16,Sindhi, 372 ,0.032, 22 , 350 ,5.91,94.09
17,Kashmiri, 212 ,0.018, 20 , 192 ,9.43,90.57
18,Assemese, 145 ,0.012, 6 , 139 ,4.14,95.86
19,Dogri, 89 ,0.008, 2 , 87 ,2.25,97.75
20,Coorgi/Kodagu, 41 ,0.004, 19 , 22 ,46.34,53.66
21,Manipuri, 36 ,0.003, 7 , 29 ,19.44,80.56
22,Arabic/Arbi, 28 ,0.002, 16 , 12 ,57.14,42.86
23,Tibetan, 21 ,0.002, -   , 21 ,0.00,100.00
24,Bhili/Bhilodi, 9 ,0.001, 2 , 7 ,22.22,77.78
25,Sanskrit, 8 ,0.001, 5 , 3 ,62.50,37.50
26,Mundari, 5 ,0.000, 5 , -   ,100.00,0.00
27,Garo, 4 ,0.000, -   , 4 ,0.00,100.00
28,Lepcha, 4 ,0.000, -   , 4 ,0.00,100.00
29,Lushai/Mizo, 4 ,0.000, -   , 4 ,0.00,100.00
30,Munda, 4 ,0.000, -   , 4 ,0.00,100.00
31,Halabi, 3 ,0.000, -   , 3 ,0.00,100.00
32,Khasi, 3 ,0.000, -   , 3 ,0.00,100.00
33,Tripuri, 3 ,0.000, -   , 3 ,0.00,100.00
34,Ao, 2 ,0.000, 1 , 1 ,50.00,50.00
35,Bodo/Boro, 2 ,0.000, -   , 2 ,0.00,100.00
36,Kuki, 2 ,0.000, 1 , 1 ,50.00,50.00
37,Kurukh/Oraon, 2 ,0.000, 1 , 1 ,50.00,50.00
38,Kharia, 2 ,0.000, 1 , 1 ,50.00,50.00
39,Lahnda, 2 ,0.000, -   , 2 ,0.00,100.00
40,Nissi/Dafla, 2 ,0.000, 2 , -   ,100.00,0.00
41,Malto , 2 ,0.000, -   , 2 ,0.00,100.00
42,Paite, 2 ,0.000, -   , 2 ,0.00,100.00
43,Lotha, 1 ,0.000, 1 , -   ,100.00,0.00
44,Zemi, 1 ,0.000, 1 , -   ,100.00,0.00
45,Rengma, 1 ,0.000, -   , 1 ,0.00,100.00
46,Nicobarese, 1 ,0.000, -   , 1 ,0.00,100.00
,Total of Other Languages," 1,593 ",0.136, 557 ," 1,036 ",34.97,65.03
,All Languages Total," 1,169,793 ",100.000," 690,041 "," 479,752 ",58.99,41.01
,,,,,,,
,Gujarat,,,,,,
1,Gujarati," 37,792,933 ",91.487," 26,211,300 "," 11,581,633 ",69.36,30.64
2,Hindi," 1,215,825 ",2.943," 176,644 "," 1,039,181 ",14.53,85.47
3,Sindhi," 704,088 ",1.704," 317,891 "," 386,197 ",45.15,54.85
4,Marathi," 566,191 ",1.371," 95,364 "," 470,827 ",16.84,83.16
5,Urdu," 547,737 ",1.326," 49,403 "," 498,334 ",9.02,90.98
6,Khandeshi," 111,358 ",0.270," 106,914 "," 4,444 ",96.01,3.99
7,Malayalam," 57,701 ",0.140," 6,662 "," 51,039 ",11.55,88.45
8,Telugu," 49,109 ",0.119," 4,075 "," 45,034 ",8.30,91.70
9,Punjabi," 43,669 ",0.106," 3,683 "," 39,986 ",8.43,91.57
10,Bhili/Bhilodi," 42,718 ",0.103," 41,683 "," 1,035 ",97.58,2.42
11,Konkani," 40,820 ",0.099," 35,038 "," 5,782 ",85.84,14.16
12,Oriya," 38,277 ",0.093," 4,192 "," 34,085 ",10.95,89.05
13,Tamil," 34,498 ",0.084," 2,766 "," 31,732 ",8.02,91.98
14,Bengali," 20,809 ",0.050," 2,610 "," 18,199 ",12.54,87.46
15,Kannada," 13,513 ",0.033," 1,931 "," 11,582 ",14.29,85.71
16,Nepali," 9,126 ",0.022," 1,518 "," 7,608 ",16.63,83.37
17,English," 2,609 ",0.006, 129 ," 2,480 ",4.94,95.06
18,Dogri," 1,407 ",0.003, 38 ," 1,369 ",2.70,97.30
19,Assemese, 789 ,0.002, 97 , 692 ,12.29,87.71
20,Arabic/Arbi, 389 ,0.001, 65 , 324 ,16.71,83.29
21,Kashmiri, 379 ,0.001, 43 , 336 ,11.35,88.65
22,Tulu, 241 ,0.001, 3 , 238 ,1.24,98.76
23,Manipuri, 125 ,0.000, 8 , 117 ,6.40,93.60
24,Sanskrit, 81 ,0.000, 22 , 59 ,27.16,72.84
25,Khasi, 58 ,0.000, -   , 58 ,0.00,100.00
26,Bhumij, 45 ,0.000, -   , 45 ,0.00,100.00
27,Lahnda, 30 ,0.000, -   , 30 ,0.00,100.00
28,Munda, 28 ,0.000, 18 , 10 ,64.29,35.71
29,Coorgi/Kodagu, 20 ,0.000, 1 , 19 ,5.00,95.00
30,Gondi, 13 ,0.000, 10 , 3 ,76.92,23.08
31,Mundari, 12 ,0.000, 8 , 4 ,66.67,33.33
32,Korku, 9 ,0.000, 5 , 4 ,55.56,44.44
33,Santali, 9 ,0.000, 1 , 8 ,11.11,88.89
34,Lushai/Mizo, 5 ,0.000, -   , 5 ,0.00,100.00
35,Dimasa, 4 ,0.000, 1 , 3 ,25.00,75.00
36,Kuki, 3 ,0.000, -   , 3 ,0.00,100.00
37,Garo, 3 ,0.000, -   , 3 ,0.00,100.00
38,Kharia, 3 ,0.000, -   , 3 ,0.00,100.00
39,Karbi/Mikir, 3 ,0.000, -   , 3 ,0.00,100.00
40,Bodo/Boro, 2 ,0.000, -   , 2 ,0.00,100.00
41,Ho, 2 ,0.000, -   , 2 ,0.00,100.00
42,Tripuri, 1 ,0.000, -   , 1 ,0.00,100.00
,Total of Other Languages," 14,940 ",0.036," 1,398 "," 13,542 ",9.36,90.64
,All Languages Total," 41,309,582 ",100.000," 27,063,521 "," 14,246,061 ",65.51,34.49
,,,,,,,
,Haryana,,,,,,
1,Hindi," 14,982,409 ",91.003," 11,337,427 "," 3,644,982 ",75.67,24.33
2,Punjabi," 1,170,225 ",7.108," 821,905 "," 348,320 ",70.23,29.77
3,Urdu," 261,820 ",1.590," 239,755 "," 22,065 ",91.57,8.43
4,Bengali," 9,995 ",0.061," 1,330 "," 8,665 ",13.31,86.69
5,Malayalam," 8,038 ",0.049, 842 ," 7,196 ",10.48,89.52
6,Nepali," 5,823 ",0.035," 1,451 "," 4,372 ",24.92,75.08
7,Tamil," 5,202 ",0.032," 1,062 "," 4,140 ",20.42,79.58
8,Lahnda," 3,186 ",0.019, 959 ," 2,227 ",30.10,69.90
9,Marathi," 3,088 ",0.019, 678 ," 2,410 ",21.96,78.04
10,Oriya," 2,634 ",0.016, 577 ," 2,057 ",21.91,78.09
11,Telugu," 2,402 ",0.015, 677 ," 1,725 ",28.18,71.82
12,Gujarati," 2,266 ",0.014, 201 ," 2,065 ",8.87,91.13
13,Dogri," 1,025 ",0.006, 525 , 500 ,51.22,48.78
14,Kannada, 936 ,0.006, 177 , 759 ,18.91,81.09
15,Kashmiri, 923 ,0.006, 41 , 882 ,4.44,95.56
16,Sanskrit, 575 ,0.003, 349 , 226 ,60.70,39.30
17,Sindhi, 369 ,0.002, 44 , 325 ,11.92,88.08
18,Assemese, 348 ,0.002, 114 , 234 ,32.76,67.24
19,English, 320 ,0.002, 23 , 297 ,7.19,92.81
20,Konkani, 148 ,0.001, 13 , 135 ,8.78,91.22
21,Manipuri, 75 ,0.000, 34 , 41 ,45.33,54.67
22,Bhili/Bhilodi, 53 ,0.000, -   , 53 ,0.00,100.00
23,Arabic/Arbi, 46 ,0.000, 11 , 35 ,23.91,76.09
24,Ao, 18 ,0.000, 18 , -   ,100.00,0.00
25,Santali, 15 ,0.000, 7 , 8 ,46.67,53.33
26,Khasi, 14 ,0.000, 2 , 12 ,14.29,85.71
27,Sema, 14 ,0.000, 14 , -   ,100.00,0.00
28,Kurukh/Oraon, 8 ,0.000, -   , 8 ,0.00,100.00
29,Tibetan, 8 ,0.000, 2 , 6 ,25.00,75.00
30,Kuki, 7 ,0.000, 7 , -   ,100.00,0.00
31,Bhotia, 6 ,0.000, 6 , -   ,100.00,0.00
32,Tulu, 5 ,0.000, -   , 5 ,0.00,100.00
33,Lushai/Mizo, 5 ,0.000, 1 , 4 ,20.00,80.00
34,Lahauli, 4 ,0.000, 4 , -   ,100.00,0.00
35,Lotha, 4 ,0.000, -   , 4 ,0.00,100.00
36,Garo, 4 ,0.000, 4 , -   ,100.00,0.00
37,Munda, 4 ,0.000, -   , 4 ,0.00,100.00
38,Bhumij, 3 ,0.000, 3 , -   ,100.00,0.00
39,Coorgi/Kodagu, 3 ,0.000, -   , 3 ,0.00,100.00
40,Konyak, 2 ,0.000, 2 , -   ,100.00,0.00
41,Kinnauri, 2 ,0.000, -   , 2 ,0.00,100.00
42,Chakhesang, 2 ,0.000, 2 , -   ,100.00,0.00
43,Bodo/Boro, 2 ,0.000, -   , 2 ,0.00,100.00
44,Kharia, 2 ,0.000, 2 , -   ,100.00,0.00
45,Monpa, 2 ,0.000, 2 , -   ,100.00,0.00
46,Rengma, 2 ,0.000, 2 , -   ,100.00,0.00
47,Angami, 1 ,0.000, -   , 1 ,0.00,100.00
48,Mogh, 1 ,0.000, 1 , -   ,100.00,0.00
49,Mundari, 1 ,0.000, 1 , -   ,100.00,0.00
,Total of Other Languages," 1,603 ",0.010, 629 , 974 ,39.24,60.76
,All Languages Total," 16,463,648 ",100.000," 12,408,904 "," 4,054,744 ",75.37,24.63
,,,,,,,
,Himachal Pradesh,,,,,,
1,Hindi," 4,595,615 ",88.875," 4,212,581 "," 383,034 ",91.67,8.33
2,Punjabi," 324,479 ",6.275," 285,482 "," 38,997 ",87.98,12.02
3,Kinnauri," 61,521 ",1.190," 60,631 ", 890 ,98.55,1.45
4,Nepali," 46,649 ",0.902," 39,629 "," 7,020 ",84.95,15.05
5,Dogri," 38,617 ",0.747," 37,461 "," 1,156 ",97.01,2.99
6,Kashmiri," 28,778 ",0.557," 27,361 "," 1,417 ",95.08,4.92
7,Lahauli," 21,896 ",0.423," 20,623 "," 1,273 ",94.19,5.81
8,Tibetan," 13,561 ",0.262," 5,682 "," 7,879 ",41.90,58.10
9,Bhotia," 11,293 ",0.218," 11,162 ", 131 ,98.84,1.16
10,Urdu," 8,252 ",0.160," 5,841 "," 2,411 ",70.78,29.22
11,Khandeshi," 4,355 ",0.084," 4,260 ", 95 ,97.82,2.18
12,Bengali," 1,907 ",0.037," 1,151 ", 756 ,60.36,39.64
13,Bhili/Bhilodi," 1,873 ",0.036," 1,827 ", 46 ,97.54,2.46
14,Oriya," 1,607 ",0.031," 1,194 ", 413 ,74.30,25.70
15,Malayalam," 1,257 ",0.024, 708 , 549 ,56.32,43.68
16,Marathi," 1,125 ",0.022, 475 , 650 ,42.22,57.78
17,Telugu, 597 ,0.012, 350 , 247 ,58.63,41.37
18,Gujarati, 592 ,0.011, 353 , 239 ,59.63,40.37
19,Tamil, 569 ,0.011, 279 , 290 ,49.03,50.97
20,Lahnda, 557 ,0.011, 40 , 517 ,7.18,92.82
21,Arabic/Arbi, 486 ,0.009, 478 , 8 ,98.35,1.65
22,Kurukh/Oraon, 451 ,0.009, 388 , 63 ,86.03,13.97
23,Sherpa, 390 ,0.008, 388 , 2 ,99.49,0.51
24,Kannada, 323 ,0.006, 217 , 106 ,67.18,32.82
25,English, 273 ,0.005, 73 , 200 ,26.74,73.26
26,Assemese, 226 ,0.004, 128 , 98 ,56.64,43.36
27,Sanskrit, 167 ,0.003, 73 , 94 ,43.71,56.29
28,Mundari, 98 ,0.002, 90 , 8 ,91.84,8.16
29,Sindhi, 87 ,0.002, 35 , 52 ,40.23,59.77
30,Munda, 66 ,0.001, 64 , 2 ,96.97,3.03
31,Halam, 40 ,0.001, 40 , -   ,100.00,0.00
32,Santali, 36 ,0.001, 35 , 1 ,97.22,2.78
33,Konkani, 21 ,0.000, 12 , 9 ,57.14,42.86
34,Khasi, 21 ,0.000, 20 , 1 ,95.24,4.76
35,Mishmi, 20 ,0.000, 20 , -   ,100.00,0.00
36,Adi, 19 ,0.000, 19 , -   ,100.00,0.00
37,Malto , 8 ,0.000, 8 , -   ,100.00,0.00
38,Tulu, 7 ,0.000, 1 , 6 ,14.29,85.71
39,Lushai/Mizo, 4 ,0.000, -   , 4 ,0.00,100.00
40,Gondi, 3 ,0.000, 3 , -   ,100.00,0.00
41,Tangkhul, 3 ,0.000, -   , 3 ,0.00,100.00
42,Kharia, 2 ,0.000, 2 , -   ,100.00,0.00
43,Tripuri, 2 ,0.000, 2 , -   ,100.00,0.00
44,Garo, 1 ,0.000, -   , 1 ,0.00,100.00
45,Nicobarese, 1 ,0.000, 1 , -   ,100.00,0.00
,Total of Other Languages," 3,022 ",0.058," 2,494 ", 528 ,82.53,17.47
,All Languages Total," 5,170,877 ",100.000," 4,721,681 "," 449,196 ",91.31,8.69
,,,,,,,
,Karnataka,,,,,,
1,Kannada," 29,785,004 ",66.222," 23,253,783 "," 6,531,221 ",78.07,21.93
2,Urdu," 4,480,038 ",9.961," 1,779,379 "," 2,700,659 ",39.72,60.28
3,Telugu," 3,325,062 ",7.393," 2,031,627 "," 1,293,435 ",61.10,38.90
4,Tamil," 1,728,361 ",3.843," 436,450 "," 1,291,911 ",25.25,74.75
5,Marathi," 1,640,020 ",3.646," 1,019,092 "," 620,928 ",62.14,37.86
6,Tulu," 1,378,779 ",3.066," 1,016,439 "," 362,340 ",73.72,26.28
7,Hindi," 885,251 ",1.968," 576,149 "," 309,102 ",65.08,34.92
8,Malayalam," 757,030 ",1.683," 427,300 "," 329,730 ",56.44,43.56
9,Konkani," 706,397 ",1.571," 395,800 "," 310,597 ",56.03,43.97
10,Coorgi/Kodagu," 96,291 ",0.214," 73,454 "," 22,837 ",76.28,23.72
11,Gujarati," 53,785 ",0.120," 9,304 "," 44,481 ",17.30,82.70
12,Tibetan," 23,182 ",0.052," 22,915 ", 267 ,98.85,1.15
13,Bengali," 20,926 ",0.047," 9,743 "," 11,183 ",46.56,53.44
14,English," 15,675 ",0.035, 599 ," 15,076 ",3.82,96.18
15,Sindhi," 13,930 ",0.031, 94 ," 13,836 ",0.67,99.33
16,Punjabi," 13,824 ",0.031, 982 ," 12,842 ",7.10,92.90
17,Oriya," 5,474 ",0.012," 1,676 "," 3,798 ",30.62,69.38
18,Nepali," 4,702 ",0.010, 922 ," 3,780 ",19.61,80.39
19,Arabic/Arbi," 2,875 ",0.006," 2,105 ", 770 ,73.22,26.78
20,Bhili/Bhilodi," 1,847 ",0.004, 559 ," 1,288 ",30.27,69.73
21,Kashmiri," 1,140 ",0.003, 39 ," 1,101 ",3.42,96.58
22,Assemese, 829 ,0.002, 44 , 785 ,5.31,94.69
23,Sanskrit, 695 ,0.002, 424 , 271 ,61.01,38.99
24,Korwa, 686 ,0.002, 363 , 323 ,52.92,47.08
25,Gondi, 397 ,0.001, 14 , 383 ,3.53,96.47
26,Dogri, 373 ,0.001, 27 , 346 ,7.24,92.76
27,Manipuri, 272 ,0.001, 26 , 246 ,9.56,90.44
28,Bhotia, 188 ,0.000, 187 , 1 ,99.47,0.53
29,Khandeshi, 161 ,0.000, 145 , 16 ,90.06,9.94
30,Lushai/Mizo, 103 ,0.000, 1 , 102 ,0.97,99.03
31,Kharia, 63 ,0.000, 61 , 2 ,96.83,3.17
32,Kom, 55 ,0.000, 55 , -   ,100.00,0.00
33,Khasi, 52 ,0.000, 11 , 41 ,21.15,78.85
34,Ao, 28 ,0.000, 6 , 22 ,21.43,78.57
35,Konyak, 27 ,0.000, -   , 27 ,0.00,100.00
36,Ho, 26 ,0.000, -   , 26 ,0.00,100.00
37,Sema, 21 ,0.000, -   , 21 ,0.00,100.00
38,Kurukh/Oraon, 17 ,0.000, 4 , 13 ,23.53,76.47
39,Paite, 16 ,0.000, 8 , 8 ,50.00,50.00
40,Bodo/Boro, 15 ,0.000, 4 , 11 ,26.67,73.33
41,Angami, 13 ,0.000, -   , 13 ,0.00,100.00
42,Adi, 13 ,0.000, 6 , 7 ,46.15,53.85
43,Garo, 13 ,0.000, 1 , 12 ,7.69,92.31
44,Koda/Kora, 12 ,0.000, -   , 12 ,0.00,100.00
45,Santali, 11 ,0.000, 6 , 5 ,54.55,45.45
46,Tripuri, 11 ,0.000, -   , 11 ,0.00,100.00
47,Mishmi, 11 ,0.000, -   , 11 ,0.00,100.00
48,Kuki, 7 ,0.000, -   , 7 ,0.00,100.00
49,Lotha, 7 ,0.000, -   , 7 ,0.00,100.00
50,Koya, 6 ,0.000, 6 , -   ,100.00,0.00
51,Limbu, 5 ,0.000, -   , 5 ,0.00,100.00
52,Tangkhul, 5 ,0.000, -   , 5 ,0.00,100.00
53,Nicobarese, 5 ,0.000, -   , 5 ,0.00,100.00
54,Lahnda, 4 ,0.000, -   , 4 ,0.00,100.00
55,Sherpa, 4 ,0.000, -   , 4 ,0.00,100.00
56,Monpa, 4 ,0.000, 4 , -   ,100.00,0.00
57,Halabi, 3 ,0.000, -   , 3 ,0.00,100.00
58,Munda, 3 ,0.000, 2 , 1 ,66.67,33.33
59,Kui, 2 ,0.000, -   , 2 ,0.00,100.00
60,Thado, 2 ,0.000, -   , 2 ,0.00,100.00
61,Jatapu, 1 ,0.000, -   , 1 ,0.00,100.00
62,Karbi/Mikir, 1 ,0.000, -   , 1 ,0.00,100.00
63,Gangte, 1 ,0.000, -   , 1 ,0.00,100.00
64,Kisan, 1 ,0.000, -   , 1 ,0.00,100.00
65,Mundari, 1 ,0.000, 1 , -   ,100.00,0.00
,Total of Other Languages," 33,438 ",0.074," 9,596 "," 23,842 ",28.70,71.30
,All Languages Total," 44,977,201 ",100.000," 31,069,413 "," 13,907,788 ",69.08,30.92
,,,,,,,
,Kerala,,,,,,
1,Malayalam," 28,096,376 ",96.556," 20,714,066 "," 7,382,310 ",73.73,26.27
2,Tamil," 616,010 ",2.117," 448,090 "," 167,920 ",72.74,27.26
3,Tulu," 111,670 ",0.384," 101,260 "," 10,410 ",90.68,9.32
4,Kannada," 75,571 ",0.260," 61,672 "," 13,899 ",81.61,18.39
5,Konkani," 64,008 ",0.220," 21,357 "," 42,651 ",33.37,66.63
6,Telugu," 47,216 ",0.162," 26,619 "," 20,597 ",56.38,43.62
7,Marathi," 31,035 ",0.107," 26,270 "," 4,765 ",84.65,15.35
8,Hindi," 21,751 ",0.075," 5,891 "," 15,860 ",27.08,72.92
9,Urdu," 12,625 ",0.043," 6,654 "," 5,971 ",52.70,47.30
10,Gujarati," 6,369 ",0.022, 297 ," 6,072 ",4.66,95.34
11,English," 3,002 ",0.010, 344 ," 2,658 ",11.46,88.54
12,Punjabi," 2,201 ",0.008, 316 ," 1,885 ",14.36,85.64
13,Bengali," 1,919 ",0.007, 412 ," 1,507 ",21.47,78.53
14,Nepali," 1,312 ",0.005, 526 , 786 ,40.09,59.91
15,Sindhi," 1,185 ",0.004, 9 ," 1,176 ",0.76,99.24
16,Oriya, 733 ,0.003, 166 , 567 ,22.65,77.35
17,Bhili/Bhilodi, 277 ,0.001, 277 , -   ,100.00,0.00
18,Assemese, 264 ,0.001, 119 , 145 ,45.08,54.92
19,Arabic/Arbi, 243 ,0.001, 73 , 170 ,30.04,69.96
20,Dogri, 134 ,0.000, 2 , 132 ,1.49,98.51
21,Kashmiri, 102 ,0.000, 4 , 98 ,3.92,96.08
22,Manipuri, 81 ,0.000, 38 , 43 ,46.91,53.09
23,Coorgi/Kodagu, 75 ,0.000, 44 , 31 ,58.67,41.33
24,Sanskrit, 31 ,0.000, 7 , 24 ,22.58,77.42
25,Lushai/Mizo, 12 ,0.000, 6 , 6 ,50.00,50.00
26,Khasi, 11 ,0.000, 1 , 10 ,9.09,90.91
27,Lahauli, 11 ,0.000, -   , 11 ,0.00,100.00
28,Bodo/Boro, 7 ,0.000, -   , 7 ,0.00,100.00
29,Santali, 7 ,0.000, -   , 7 ,0.00,100.00
30,Tripuri, 5 ,0.000, 3 , 2 ,60.00,40.00
31,Bhotia, 4 ,0.000, -   , 4 ,0.00,100.00
32,Kuki, 2 ,0.000, 2 , -   ,100.00,0.00
33,Munda, 2 ,0.000, -   , 2 ,0.00,100.00
34,Ao, 1 ,0.000, -   , 1 ,0.00,100.00
35,Adi, 1 ,0.000, -   , 1 ,0.00,100.00
36,Kisan, 1 ,0.000, -   , 1 ,0.00,100.00
37,Koda/Kora, 1 ,0.000, -   , 1 ,0.00,100.00
38,Chakhesang, 1 ,0.000, 1 , -   ,100.00,0.00
39,Kurukh/Oraon, 1 ,0.000, -   , 1 ,0.00,100.00
40,Gondi, 1 ,0.000, -   , 1 ,0.00,100.00
41,Lahnda, 1 ,0.000, 1 , -   ,100.00,0.00
42,Tibetan, 1 ,0.000, -   , 1 ,0.00,100.00
,Total of Other Languages," 4,258 ",0.015," 3,697 ", 561 ,86.82,13.18
,All Languages Total," 29,098,518 ",100.000," 21,418,224 "," 7,680,294 ",73.61,26.39
,,,,,,,
,Madhya Pradesh,,,,,,
1,Hindi," 56,619,090 ",85.552," 44,024,774 "," 12,594,316 ",77.76,22.24
2,Bhili/Bhilodi," 2,215,399 ",3.347," 2,183,739 "," 31,660 ",98.57,1.43
3,Gondi," 1,481,265 ",2.238," 1,463,807 "," 17,458 ",98.82,1.18
4,Marathi," 1,283,977 ",1.940," 748,044 "," 535,933 ",58.26,41.74
5,Urdu," 1,227,672 ",1.855," 195,672 "," 1,032,000 ",15.94,84.06
6,Oriya," 721,348 ",1.090," 598,962 "," 122,386 ",83.03,16.97
7,Halabi," 502,807 ",0.760," 482,049 "," 20,758 ",95.87,4.13
8,Kurukh/Oraon," 393,825 ",0.595," 381,615 "," 12,210 ",96.90,3.10
9,Sindhi," 322,074 ",0.487," 8,878 "," 313,196 ",2.76,97.24
10,Korku," 316,013 ",0.477," 313,954 "," 2,059 ",99.35,0.65
11,Bengali," 250,794 ",0.379," 128,773 "," 122,021 ",51.35,48.65
12,Gujarati," 198,397 ",0.300," 69,294 "," 129,103 ",34.93,65.07
13,Punjabi," 189,288 ",0.286," 39,111 "," 150,177 ",20.66,79.34
14,Telugu," 162,645 ",0.246," 58,672 "," 103,973 ",36.07,63.93
15,Malayalam," 80,759 ",0.122," 8,485 "," 72,274 ",10.51,89.49
16,Tamil," 38,562 ",0.058," 4,711 "," 33,851 ",12.22,87.78
17,Parji," 34,993 ",0.053," 34,962 ", 31 ,99.91,0.09
18,Korwa," 24,044 ",0.036," 24,001 ", 43 ,99.82,0.18
19,Khandeshi," 21,952 ",0.033," 12,596 "," 9,356 ",57.38,42.62
20,Nepali," 13,411 ",0.020," 1,510 "," 11,901 ",11.26,88.74
21,Kharia," 8,638 ",0.013," 8,490 ", 148 ,98.29,1.71
22,Kannada," 8,307 ",0.013," 2,537 "," 5,770 ",30.54,69.46
23,Lahnda," 5,153 ",0.008," 4,908 ", 245 ,95.25,4.75
24,Santali," 3,535 ",0.005," 3,102 ", 433 ,87.75,12.25
25,English," 3,308 ",0.005, 156 ," 3,152 ",4.72,95.28
26,Arabic/Arbi," 1,858 ",0.003, 420 ," 1,438 ",22.60,77.40
27,Dogri," 1,807 ",0.003, 183 ," 1,624 ",10.13,89.87
28,Munda," 1,559 ",0.002," 1,166 ", 393 ,74.79,25.21
29,Tibetan," 1,359 ",0.002," 1,317 ", 42 ,96.91,3.09
30,Assemese," 1,059 ",0.002, 73 , 986 ,6.89,93.11
31,Konkani, 924 ,0.001, 141 , 783 ,15.26,84.74
32,Kashmiri, 886 ,0.001, 42 , 844 ,4.74,95.26
33,Sanskrit, 650 ,0.001, 81 , 569 ,12.46,87.54
34,Mundari, 269 ,0.000, 158 , 111 ,58.74,41.26
35,Savara, 235 ,0.000, 212 , 23 ,90.21,9.79
36,Manipuri, 231 ,0.000, 3 , 228 ,1.30,98.70
37,Konda, 173 ,0.000, 172 , 1 ,99.42,0.58
38,Kui, 148 ,0.000, 3 , 145 ,2.03,97.97
39,Kisan, 77 ,0.000, 77 , -   ,100.00,0.00
40,Ho, 49 ,0.000, 28 , 21 ,57.14,42.86
41,Kinnauri, 49 ,0.000, 13 , 36 ,26.53,73.47
42,Tulu, 43 ,0.000, 4 , 39 ,9.30,90.70
43,Lushai/Mizo, 41 ,0.000, 10 , 31 ,24.39,75.61
44,Ao, 29 ,0.000, -   , 29 ,0.00,100.00
45,Tripuri, 22 ,0.000, -   , 22 ,0.00,100.00
46,Coorgi/Kodagu, 17 ,0.000, -   , 17 ,0.00,100.00
47,Bhumij, 16 ,0.000, -   , 16 ,0.00,100.00
48,Khasi, 12 ,0.000, -   , 12 ,0.00,100.00
49,Malto , 9 ,0.000, 4 , 5 ,44.44,55.56
50,Khond/Kondh, 8 ,0.000, 1 , 7 ,12.50,87.50
51,Sema, 7 ,0.000, 6 , 1 ,85.71,14.29
52,Bishnupuriya, 4 ,0.000, -   , 4 ,0.00,100.00
53,Bodo/Boro, 4 ,0.000, -   , 4 ,0.00,100.00
54,Tangkhul, 3 ,0.000, -   , 3 ,0.00,100.00
55,Kuki, 2 ,0.000, -   , 2 ,0.00,100.00
56,Garo, 2 ,0.000, 1 , 1 ,50.00,50.00
57,Koda/Kora, 2 ,0.000, 2 , -   ,100.00,0.00
58,Koya, 1 ,0.000, -   , 1 ,0.00,100.00
59,Bhotia, 1 ,0.000, -   , 1 ,0.00,100.00
60,Dimasa, 1 ,0.000, -   , 1 ,0.00,100.00
61,Vaiphei, 1 ,0.000, -   , 1 ,0.00,100.00
62,Tangsa, 1 ,0.000, 1 , -   ,100.00,0.00
63,Mishmi, 1 ,0.000, -   , 1 ,0.00,100.00
,Total of Other Languages," 42,354 ",0.064," 35,413 "," 6,941 ",83.61,16.39
,All Languages Total," 66,181,170 ",100.000," 50,842,333 "," 15,338,837 ",76.82,23.18
,,,,,,,
,Maharashtra,,,,,,
1,Marathi," 57,894,839 ",73.343," 40,720,544 "," 17,174,295 ",70.34,29.66
2,Hindi," 6,168,941 ",7.815," 2,289,904 "," 3,879,037 ",37.12,62.88
3,Urdu," 5,734,468 ",7.265," 1,708,100 "," 4,026,368 ",29.79,70.21
4,Gujarati," 2,016,381 ",2.554," 173,697 "," 1,842,684 ",8.61,91.39
5,Telugu," 1,122,332 ",1.422," 409,085 "," 713,247 ",36.45,63.55
6,Kannada," 1,060,701 ",1.344," 545,067 "," 515,634 ",51.39,48.61
7,Bhili/Bhilodi," 970,289 ",1.229," 922,116 "," 48,173 ",95.04,4.96
8,Khandeshi," 834,875 ",1.058," 759,574 "," 75,301 ",90.98,9.02
9,Sindhi," 618,696 ",0.784," 8,790 "," 609,906 ",1.42,98.58
10,Gondi," 441,203 ",0.559," 417,195 "," 24,008 ",94.56,5.44
11,Tamil," 427,447 ",0.542," 24,341 "," 403,106 ",5.69,94.31
12,Malayalam," 340,597 ",0.431," 21,076 "," 319,521 ",6.19,93.81
13,Konkani," 312,618 ",0.396," 28,918 "," 283,700 ",9.25,90.75
14,Punjabi," 225,511 ",0.286," 10,716 "," 214,795 ",4.75,95.25
15,Bengali," 161,497 ",0.205," 49,714 "," 111,783 ",30.78,69.22
16,Korku," 149,753 ",0.190," 148,635 "," 1,118 ",99.25,0.75
17,English," 84,448 ",0.107," 1,452 "," 82,996 ",1.72,98.28
18,Kolami," 74,300 ",0.094," 73,938 ", 362 ,99.51,0.49
19,Tulu," 56,373 ",0.071, 875 ," 55,498 ",1.55,98.45
20,Nepali," 39,751 ",0.050," 3,496 "," 36,255 ",8.79,91.21
21,Oriya," 38,183 ",0.048," 7,946 "," 30,237 ",20.81,79.19
22,Halabi," 28,891 ",0.037," 11,138 "," 17,753 ",38.55,61.45
23,Lahnda," 3,944 ",0.005," 2,064 "," 1,880 ",52.33,47.67
24,Kashmiri," 2,680 ",0.003, 142 ," 2,538 ",5.30,94.70
25,Dogri," 2,666 ",0.003, 130 ," 2,536 ",4.88,95.12
26,Assemese," 2,310 ",0.003, 144 ," 2,166 ",6.23,93.77
27,Arabic/Arbi," 2,301 ",0.003, 571 ," 1,730 ",24.82,75.18
28,Kurukh/Oraon," 2,183 ",0.003," 1,934 ", 249 ,88.59,11.41
29,Korwa, 969 ,0.001, 285 , 684 ,29.41,70.59
30,Manipuri, 748 ,0.001, 54 , 694 ,7.22,92.78
31,Pochury, 460 ,0.001, 454 , 6 ,98.70,1.30
32,Santali, 315 ,0.000, 17 , 298 ,5.40,94.60
33,Sanskrit, 277 ,0.000, 60 , 217 ,21.66,78.34
34,Halam, 251 ,0.000, 238 , 13 ,94.82,5.18
35,Adi, 239 ,0.000, 147 , 92 ,61.51,38.49
36,Tibetan, 218 ,0.000, 13 , 205 ,5.96,94.04
37,Coorgi/Kodagu, 144 ,0.000, -   , 144 ,0.00,100.00
38,Munda, 142 ,0.000, 68 , 74 ,47.89,52.11
39,Lushai/Mizo, 134 ,0.000, 2 , 132 ,1.49,98.51
40,Kharia, 93 ,0.000, 56 , 37 ,60.22,39.78
41,Khasi, 75 ,0.000, -   , 75 ,0.00,100.00
42,Lahauli, 70 ,0.000, 37 , 33 ,52.86,47.14
43,Mundari, 45 ,0.000, 11 , 34 ,24.44,75.56
44,Tripuri, 32 ,0.000, 1 , 31 ,3.13,96.88
45,Bodo/Boro, 29 ,0.000, 7 , 22 ,24.14,75.86
46,Ho, 21 ,0.000, 7 , 14 ,33.33,66.67
47,Bhumij, 20 ,0.000, 7 , 13 ,35.00,65.00
48,Hmar, 20 ,0.000, -   , 20 ,0.00,100.00
49,Paite, 18 ,0.000, -   , 18 ,0.00,100.00
50,Koda/Kora, 16 ,0.000, -   , 16 ,0.00,100.00
51,Konda, 15 ,0.000, -   , 15 ,0.00,100.00
52,Koch, 15 ,0.000, 1 , 14 ,6.67,93.33
53,Thado, 15 ,0.000, -   , 15 ,0.00,100.00
54,Kuki, 13 ,0.000, -   , 13 ,0.00,100.00
55,Kinnauri, 13 ,0.000, -   , 13 ,0.00,100.00
56,Bishnupuriya, 13 ,0.000, -   , 13 ,0.00,100.00
57,Mao, 13 ,0.000, -   , 13 ,0.00,100.00
58,Ao, 12 ,0.000, -   , 12 ,0.00,100.00
59,Tangkhul, 12 ,0.000, -   , 12 ,0.00,100.00
60,Konyak, 11 ,0.000, -   , 11 ,0.00,100.00
61,Mishmi, 9 ,0.000, 9 , -   ,100.00,0.00
62,Anal, 8 ,0.000, -   , 8 ,0.00,100.00
63,Garo, 6 ,0.000, -   , 6 ,0.00,100.00
64,Lepcha, 6 ,0.000, -   , 6 ,0.00,100.00
65,Liangmei, 6 ,0.000, -   , 6 ,0.00,100.00
66,Pawi, 6 ,0.000, -   , 6 ,0.00,100.00
67,Rabha, 6 ,0.000, -   , 6 ,0.00,100.00
68,Nicobarese, 6 ,0.000, -   , 6 ,0.00,100.00
69,Angami, 5 ,0.000, -   , 5 ,0.00,100.00
70,Lotha, 5 ,0.000, -   , 5 ,0.00,100.00
71,Karbi/Mikir, 5 ,0.000, -   , 5 ,0.00,100.00
72,Kom, 4 ,0.000, -   , 4 ,0.00,100.00
73,Wancho, 4 ,0.000, -   , 4 ,0.00,100.00
74,Phom, 4 ,0.000, -   , 4 ,0.00,100.00
75,Nissi/Dafla, 4 ,0.000, -   , 4 ,0.00,100.00
76,Khond/Kondh, 3 ,0.000, -   , 3 ,0.00,100.00
77,Khezha, 3 ,0.000, -   , 3 ,0.00,100.00
78,Bhotia, 3 ,0.000, -   , 3 ,0.00,100.00
79,Gadaba, 2 ,0.000, -   , 2 ,0.00,100.00
80,Dimasa, 2 ,0.000, -   , 2 ,0.00,100.00
81,Gangte, 1 ,0.000, -   , 1 ,0.00,100.00
82,Jatapu, 1 ,0.000, -   , 1 ,0.00,100.00
83,Kabui, 1 ,0.000, -   , 1 ,0.00,100.00
84,Kui, 1 ,0.000, -   , 1 ,0.00,100.00
85,Lakher, 1 ,0.000, -   , 1 ,0.00,100.00
86,Limbu, 1 ,0.000, -   , 1 ,0.00,100.00
87,Tangsa, 1 ,0.000, -   , 1 ,0.00,100.00
88,Sema, 1 ,0.000, -   , 1 ,0.00,100.00
89,Sangtam, 1 ,0.000, -   , 1 ,0.00,100.00
90,Monpa, 1 ,0.000, -   , 1 ,0.00,100.00
,Total of Other Languages," 98,382 ",0.125," 36,773 "," 61,609 ",37.38,62.62
,All Languages Total," 78,937,187 ",100.000," 48,395,601 "," 30,541,586 ",61.31,38.69
,,,,,,,
,Manipur,,,,,,
1,Manipuri," 1,110,134 ",60.427," 684,617 "," 425,517 ",61.67,38.33
2,Thado," 103,667 ",5.643," 99,272 "," 4,395 ",95.76,4.24
3,Tangkhul," 100,088 ",5.448," 96,497 "," 3,591 ",96.41,3.59
4,Mao," 71,517 ",3.893," 70,469 "," 1,048 ",98.53,1.47
5,Kabui," 64,298 ",3.500," 56,095 "," 8,203 ",87.24,12.76
6,Nepali," 46,498 ",2.531," 42,513 "," 3,985 ",91.43,8.57
7,Paite," 41,108 ",2.238," 28,871 "," 12,237 ",70.23,29.77
8,Hmar," 36,092 ",1.965," 30,380 "," 5,712 ",84.17,15.83
9,Vaiphei," 25,136 ",1.368," 22,406 "," 2,730 ",89.14,10.86
10,Liangmei," 25,126 ",1.368," 25,034 ", 92 ,99.63,0.37
11,Hindi," 24,061 ",1.310," 12,330 "," 11,731 ",51.24,48.76
12,Kuki," 23,072 ",1.256," 20,107 "," 2,965 ",87.15,12.85
13,Bengali," 19,385 ",1.055," 14,029 "," 5,356 ",72.37,27.63
14,Zou," 15,887 ",0.865," 13,578 "," 2,309 ",85.47,14.53
15,Maring," 15,264 ",0.831," 14,982 ", 282 ,98.15,1.85
16,Gangte," 13,580 ",0.739," 10,693 "," 2,887 ",78.74,21.26
17,Kom," 13,481 ",0.734," 12,985 ", 496 ,96.32,3.68
18,Anal," 12,034 ",0.655," 11,684 ", 350 ,97.09,2.91
19,Maram," 9,929 ",0.540," 9,827 ", 102 ,98.97,1.03
20,Lushai/Mizo," 8,598 ",0.468," 5,313 "," 3,285 ",61.79,38.21
21,Zemi," 6,199 ",0.337," 6,182 ", 17 ,99.73,0.27
22,Khezha," 4,905 ",0.267," 4,856 ", 49 ,99.00,1.00
23,Tamil," 2,600 ",0.142, 226 ," 2,374 ",8.69,91.31
24,Punjabi," 2,031 ",0.111, 888 ," 1,143 ",43.72,56.28
25,Malayalam," 1,792 ",0.098," 1,260 ", 532 ,70.31,29.69
26,Assemese," 1,685 ",0.092," 1,344 ", 341 ,79.76,20.24
27,Ao," 1,466 ",0.080," 1,451 ", 15 ,98.98,1.02
28,Chakhesang," 1,280 ",0.070," 1,279 ", 1 ,99.92,0.08
29,Zeliang," 1,247 ",0.068," 1,244 ", 3 ,99.76,0.24
30,Mishmi, 479 ,0.026, 471 , 8 ,98.33,1.67
31,Dogri, 436 ,0.024, 346 , 90 ,79.36,20.64
32,Oriya, 433 ,0.024, 271 , 162 ,62.59,37.41
33,Telugu, 376 ,0.020, 168 , 208 ,44.68,55.32
34,Dimasa, 376 ,0.020, 376 , -   ,100.00,0.00
35,Khasi, 369 ,0.020, 326 , 43 ,88.35,11.65
36,Marathi, 248 ,0.013, 177 , 71 ,71.37,28.63
37,Karbi/Mikir, 195 ,0.011, 195 , -   ,100.00,0.00
38,Urdu, 193 ,0.011, 75 , 118 ,38.86,61.14
39,Bishnupuriya, 188 ,0.010, 134 , 54 ,71.28,28.72
40,Santali, 183 ,0.010, 182 , 1 ,99.45,0.55
41,Mundari, 168 ,0.009, 166 , 2 ,98.81,1.19
42,Kannada, 153 ,0.008, 85 , 68 ,55.56,44.44
43,Kurukh/Oraon, 142 ,0.008, 140 , 2 ,98.59,1.41
44,Nissi/Dafla, 123 ,0.007, 109 , 14 ,88.62,11.38
45,Bodo/Boro, 122 ,0.007, 113 , 9 ,92.62,7.38
46,Tripuri, 111 ,0.006, 54 , 57 ,48.65,51.35
47,Gujarati, 94 ,0.005, 65 , 29 ,69.15,30.85
48,Kharia, 88 ,0.005, 83 , 5 ,94.32,5.68
49,Adi, 71 ,0.004, 3 , 68 ,4.23,95.77
50,Koda/Kora, 66 ,0.004, 64 , 2 ,96.97,3.03
51,Munda, 54 ,0.003, 50 , 4 ,92.59,7.41
52,Garo, 49 ,0.003, 36 , 13 ,73.47,26.53
53,Angami, 47 ,0.003, 8 , 39 ,17.02,82.98
54,English, 32 ,0.002, 7 , 25 ,21.88,78.13
55,Tibetan, 28 ,0.002, 8 , 20 ,28.57,71.43
56,Kashmiri, 27 ,0.001, 16 , 11 ,59.26,40.74
57,Pawi, 22 ,0.001, -   , 22 ,0.00,100.00
58,Sema, 20 ,0.001, 5 , 15 ,25.00,75.00
59,Chang, 18 ,0.001, 17 , 1 ,94.44,5.56
60,Tangsa, 17 ,0.001, 2 , 15 ,11.76,88.24
61,Sindhi, 11 ,0.001, 7 , 4 ,63.64,36.36
62,Lepcha, 9 ,0.000, -   , 9 ,0.00,100.00
63,Bhumij, 9 ,0.000, 9 , -   ,100.00,0.00
64,Konkani, 8 ,0.000, 4 , 4 ,50.00,50.00
65,Lotha, 5 ,0.000, -   , 5 ,0.00,100.00
66,Nicobarese, 5 ,0.000, 5 , -   ,100.00,0.00
67,Konyak, 4 ,0.000, 4 , -   ,100.00,0.00
68,Sherpa, 4 ,0.000, 4 , -   ,100.00,0.00
69,Bhotia, 3 ,0.000, 3 , -   ,100.00,0.00
70,Sangtam, 3 ,0.000, -   , 3 ,0.00,100.00
71,Nocte, 2 ,0.000, -   , 2 ,0.00,100.00
72,Gondi, 1 ,0.000, 1 , -   ,100.00,0.00
73,Konda, 1 ,0.000, -   , 1 ,0.00,100.00
74,Halam, 1 ,0.000, 1 , -   ,100.00,0.00
75,Malto , 1 ,0.000, 1 , -   ,100.00,0.00
76,Pochury, 1 ,0.000, -   , 1 ,0.00,100.00
77,Miri/Mishing, 1 ,0.000, 1 , -   ,100.00,0.00
78,Rengma, 1 ,0.000, -   , 1 ,0.00,100.00
,Total of Other Languages," 29,991 ",1.632," 27,300 "," 2,691 ",91.03,8.97
,All Languages Total," 1,837,149 ",100.000," 1,331,504 "," 505,645 ",72.48,27.52
,,,,,,,
,Meghalaya,,,,,,
1,Khasi," 879,192 ",49.538," 728,133 "," 151,059 ",82.82,17.18
2,Garo," 547,690 ",30.860," 498,486 "," 49,204 ",91.02,8.98
3,Bengali," 144,261 ",8.128," 95,187 "," 49,074 ",65.98,34.02
4,Nepali," 49,186 ",2.771," 20,862 "," 28,324 ",42.41,57.59
5,Hindi," 38,930 ",2.194," 13,830 "," 25,100 ",35.53,64.47
6,Assemese," 34,118 ",1.922," 25,595 "," 8,523 ",75.02,24.98
7,Rabha," 20,455 ",1.153," 20,199 ", 256 ,98.75,1.25
8,Koch," 18,698 ",1.054," 18,029 ", 669 ,96.42,3.58
9,Karbi/Mikir," 9,582 ",0.540," 9,458 ", 124 ,98.71,1.29
10,Punjabi," 4,748 ",0.268, 867 ," 3,881 ",18.26,81.74
11,Kuki," 3,803 ",0.214," 3,491 ", 312 ,91.80,8.20
12,Lushai/Mizo," 3,050 ",0.172, 347 ," 2,703 ",11.38,88.62
13,Urdu," 2,863 ",0.161, 558 ," 2,305 ",19.49,80.51
14,Bodo/Boro," 2,821 ",0.159," 2,068 ", 753 ,73.31,26.69
15,Malayalam," 2,142 ",0.121, 762 ," 1,380 ",35.57,64.43
16,Manipuri," 1,796 ",0.101, 767 ," 1,029 ",42.71,57.29
17,Lalung," 1,112 ",0.063," 1,111 ", 1 ,99.91,0.09
18,Oriya, 736 ,0.041, 490 , 246 ,66.58,33.42
19,Tamil, 642 ,0.036, 285 , 357 ,44.39,55.61
20,Bishnupuriya, 615 ,0.035, 6 , 609 ,0.98,99.02
21,Dimasa, 565 ,0.032, 543 , 22 ,96.11,3.89
22,Telugu, 528 ,0.030, 255 , 273 ,48.30,51.70
23,Vaiphei, 505 ,0.028, 467 , 38 ,92.48,7.52
24,Marathi, 433 ,0.024, 193 , 240 ,44.57,55.43
25,Hmar, 429 ,0.024, 287 , 142 ,66.90,33.10
26,Tibetan, 419 ,0.024, 16 , 403 ,3.82,96.18
27,Sindhi, 333 ,0.019, 31 , 302 ,9.31,90.69
28,Kannada, 281 ,0.016, 142 , 139 ,50.53,49.47
29,English, 276 ,0.016, 44 , 232 ,15.94,84.06
30,Santali, 273 ,0.015, 235 , 38 ,86.08,13.92
31,Dogri, 265 ,0.015, 82 , 183 ,30.94,69.06
32,Tripuri, 202 ,0.011, 61 , 141 ,30.20,69.80
33,Munda, 185 ,0.010, 170 , 15 ,91.89,8.11
34,Mundari, 172 ,0.010, 168 , 4 ,97.67,2.33
35,Paite, 110 ,0.006, 3 , 107 ,2.73,97.27
36,Ao, 104 ,0.006, 1 , 103 ,0.96,99.04
37,Tangkhul, 101 ,0.006, 7 , 94 ,6.93,93.07
38,Kurukh/Oraon, 97 ,0.005, 52 , 45 ,53.61,46.39
39,Gujarati, 94 ,0.005, 46 , 48 ,48.94,51.06
40,Maram, 86 ,0.005, 86 , -   ,100.00,0.00
41,Anal, 77 ,0.004, 2 , 75 ,2.60,97.40
42,Bhotia, 70 ,0.004, 8 , 62 ,11.43,88.57
43,Sema, 62 ,0.003, 21 , 41 ,33.87,66.13
44,Lotha, 49 ,0.003, -   , 49 ,0.00,100.00
45,Mogh, 48 ,0.003, -   , 48 ,0.00,100.00
46,Konkani, 42 ,0.002, 6 , 36 ,14.29,85.71
47,Zou, 36 ,0.002, -   , 36 ,0.00,100.00
48,Mao, 35 ,0.002, 1 , 34 ,2.86,97.14
49,Miri/Mishing, 35 ,0.002, 1 , 34 ,2.86,97.14
50,Adi, 33 ,0.002, 2 , 31 ,6.06,93.94
51,Kashmiri, 29 ,0.002, 14 , 15 ,48.28,51.72
52,Kabui, 27 ,0.002, -   , 27 ,0.00,100.00
53,Thado, 20 ,0.001, 2 , 18 ,10.00,90.00
54,Nissi/Dafla, 17 ,0.001, 1 , 16 ,5.88,94.12
55,Angami, 16 ,0.001, 2 , 14 ,12.50,87.50
56,Sherpa, 16 ,0.001, 12 , 4 ,75.00,25.00
57,Bhumij, 13 ,0.001, 13 , -   ,100.00,0.00
58,Gangte, 13 ,0.001, 8 , 5 ,61.54,38.46
59,Wancho, 13 ,0.001, -   , 13 ,0.00,100.00
60,Tangsa, 13 ,0.001, 1 , 12 ,7.69,92.31
61,Konyak, 12 ,0.001, -   , 12 ,0.00,100.00
62,Halam, 10 ,0.001, -   , 10 ,0.00,100.00
63,Coorgi/Kodagu, 9 ,0.001, 4 , 5 ,44.44,55.56
64,Sanskrit, 8 ,0.000, -   , 8 ,0.00,100.00
65,Lepcha, 7 ,0.000, -   , 7 ,0.00,100.00
66,Deori, 6 ,0.000, 5 , 1 ,83.33,16.67
67,Ho, 6 ,0.000, 6 , -   ,100.00,0.00
68,Liangmei, 5 ,0.000, -   , 5 ,0.00,100.00
69,Chakru/Chokri, 5 ,0.000, -   , 5 ,0.00,100.00
70,Nocte, 5 ,0.000, -   , 5 ,0.00,100.00
71,Jatapu, 4 ,0.000, -   , 4 ,0.00,100.00
72,Khezha, 4 ,0.000, -   , 4 ,0.00,100.00
73,Gondi, 4 ,0.000, -   , 4 ,0.00,100.00
74,Zemi, 4 ,0.000, -   , 4 ,0.00,100.00
75,Zeliang, 4 ,0.000, -   , 4 ,0.00,100.00
76,Rengma, 4 ,0.000, -   , 4 ,0.00,100.00
77,Sangtam, 4 ,0.000, -   , 4 ,0.00,100.00
78,Lakher, 3 ,0.000, -   , 3 ,0.00,100.00
79,Kharia, 2 ,0.000, 1 , 1 ,50.00,50.00
80,Limbu, 2 ,0.000, 1 , 1 ,50.00,50.00
81,Pawi, 2 ,0.000, 1 , 1 ,50.00,50.00
82,Arabic/Arbi, 1 ,0.000, -   , 1 ,0.00,100.00
83,Khiemnungan, 1 ,0.000, 1 , -   ,100.00,0.00
84,Nicobarese, 1 ,0.000, -   , 1 ,0.00,100.00
85,Monpa, 1 ,0.000, -   , 1 ,0.00,100.00
86,Tulu, 1 ,0.000, 1 , -   ,100.00,0.00
87,Maring, 1 ,0.000, 1 , -   ,100.00,0.00
,Total of Other Languages," 2,100 ",0.118," 1,196 ", 904 ,56.95,43.05
,All Languages Total," 1,774,778 ",100.000," 1,444,731 "," 330,047 ",81.40,18.60
,,,,,,,
,Mizoram,,,,,,
1,Lushai/Mizo," 518,099 ",75.113," 234,537 "," 283,562 ",45.27,54.73
2,Bengali," 59,092 ",8.567," 52,861 "," 6,231 ",89.46,10.54
3,Tripuri," 26,425 ",3.831," 25,291 "," 1,134 ",95.71,4.29
4,Lakher," 22,938 ",3.326," 17,711 "," 5,227 ",77.21,22.79
5,Pawi," 15,316 ",2.220," 12,474 "," 2,842 ",81.44,18.56
6,Hmar," 9,525 ",1.381," 9,030 ", 495 ,94.80,5.20
7,Hindi," 8,837 ",1.281," 4,757 "," 4,080 ",53.83,46.17
8,Nepali," 8,247 ",1.196," 1,503 "," 6,744 ",18.22,81.78
9,Paite," 7,726 ",1.120," 6,104 "," 1,622 ",79.01,20.99
10,Santali," 3,679 ",0.533," 2,447 "," 1,232 ",66.51,33.49
11,Malayalam," 1,375 ",0.199, 490 , 885 ,35.64,64.36
12,Manipuri," 1,084 ",0.157, 135 , 949 ,12.45,87.55
13,Assemese, 808 ,0.117, 221 , 587 ,27.35,72.65
14,Punjabi, 531 ,0.077, 311 , 220 ,58.57,41.43
15,Bhili/Bhilodi, 528 ,0.077, 528 , -   ,100.00,0.00
16,Khasi, 439 ,0.064, 62 , 377 ,14.12,85.88
17,Urdu, 349 ,0.051, 56 , 293 ,16.05,83.95
18,Halam, 348 ,0.050, 337 , 11 ,96.84,3.16
19,Tamil, 331 ,0.048, 170 , 161 ,51.36,48.64
20,Tangsa, 192 ,0.028, 189 , 3 ,98.44,1.56
21,Telugu, 179 ,0.026, 52 , 127 ,29.05,70.95
22,Dogri, 160 ,0.023, 68 , 92 ,42.50,57.50
23,Bodo/Boro, 152 ,0.022, 38 , 114 ,25.00,75.00
24,Marathi, 113 ,0.016, 69 , 44 ,61.06,38.94
25,Mundari, 113 ,0.016, 94 , 19 ,83.19,16.81
26,Oriya, 96 ,0.014, 36 , 60 ,37.50,62.50
27,Kurukh/Oraon, 77 ,0.011, 77 , -   ,100.00,0.00
28,Munda, 51 ,0.007, 42 , 9 ,82.35,17.65
29,Garo, 42 ,0.006, 6 , 36 ,14.29,85.71
30,Mao, 40 ,0.006, 40 , -   ,100.00,0.00
31,Mogh, 36 ,0.005, 35 , 1 ,97.22,2.78
32,Kannada, 31 ,0.004, 7 , 24 ,22.58,77.42
33,English, 28 ,0.004, 1 , 27 ,3.57,96.43
34,Kuki, 26 ,0.004, 11 , 15 ,42.31,57.69
35,Konkani, 24 ,0.003, 8 , 16 ,33.33,66.67
36,Gujarati, 23 ,0.003, 5 , 18 ,21.74,78.26
37,Zou, 21 ,0.003, 21 , -   ,100.00,0.00
38,Kharia, 16 ,0.002, 16 , -   ,100.00,0.00
39,Karbi/Mikir, 14 ,0.002, -   , 14 ,0.00,100.00
40,Malto , 14 ,0.002, 14 , -   ,100.00,0.00
41,Kashmiri, 12 ,0.002, 1 , 11 ,8.33,91.67
42,Thado, 9 ,0.001, 3 , 6 ,33.33,66.67
43,Rengma, 7 ,0.001, -   , 7 ,0.00,100.00
44,Kabui, 6 ,0.001, 6 , -   ,100.00,0.00
45,Pochury, 5 ,0.001, 5 , -   ,100.00,0.00
46,Lepcha, 4 ,0.001, 4 , -   ,100.00,0.00
47,Tibetan, 3 ,0.000, -   , 3 ,0.00,100.00
48,Rabha, 3 ,0.000, -   , 3 ,0.00,100.00
49,Tulu, 2 ,0.000, 1 , 1 ,50.00,50.00
50,Wancho, 2 ,0.000, 2 , -   ,100.00,0.00
51,Sema, 2 ,0.000, -   , 2 ,0.00,100.00
52,Angami, 1 ,0.000, -   , 1 ,0.00,100.00
53,Anal, 1 ,0.000, 1 , -   ,100.00,0.00
54,Sindhi, 1 ,0.000, 1 , -   ,100.00,0.00
55,Dimasa, 1 ,0.000, 1 , -   ,100.00,0.00
56,Gangte, 1 ,0.000, -   , 1 ,0.00,100.00
57,Koda/Kora, 1 ,0.000, 1 , -   ,100.00,0.00
58,Bhumij, 1 ,0.000, 1 , -   ,100.00,0.00
59,Limbu, 1 ,0.000, 1 , -   ,100.00,0.00
60,Vaiphei, 1 ,0.000, -   , 1 ,0.00,100.00
61,Zeliang, 1 ,0.000, -   , 1 ,0.00,100.00
62,Nocte, 1 ,0.000, -   , 1 ,0.00,100.00
63,Tangkhul, 1 ,0.000, -   , 1 ,0.00,100.00
64,Ho, 1 ,0.000, 1 , -   ,100.00,0.00
,Total of Other Languages," 2,563 ",0.372," 1,927 ", 636 ,75.19,24.81
,All Languages Total," 689,756 ",100.000," 371,810 "," 317,946 ",53.90,46.10
,,,,,,,
,Nagaland,,,,,,
1,Ao," 169,837 ",14.041," 132,790 "," 37,047 ",78.19,21.81
2,Sema," 152,123 ",12.577," 134,108 "," 18,015 ",88.16,11.84
3,Konyak," 137,539 ",11.371," 129,040 "," 8,499 ",93.82,6.18
4,Angami," 97,433 ",8.055," 78,923 "," 18,510 ",81.00,19.00
5,Lotha," 84,384 ",6.977," 66,234 "," 18,150 ",78.49,21.51
6,Phom," 65,336 ",5.402," 64,476 ", 860 ,98.68,1.32
7,Chakru/Chokri," 48,083 ",3.975," 45,865 "," 2,218 ",95.39,4.61
8,Sangtam," 47,447 ",3.923," 43,861 "," 3,586 ",92.44,7.56
9,Yimchungre," 45,880 ",3.793," 42,760 "," 3,120 ",93.20,6.80
10,Hindi," 40,589 ",3.356," 16,687 "," 23,902 ",41.11,58.89
11,Bengali," 38,280 ",3.165," 15,076 "," 23,204 ",39.38,60.62
12,Zeliang," 33,825 ",2.797," 32,325 "," 1,500 ",95.57,4.43
13,Rengma," 32,811 ",2.713," 30,775 "," 2,036 ",93.79,6.21
14,Chang," 32,369 ",2.676," 25,886 "," 6,483 ",79.97,20.03
15,Nepali," 32,274 ",2.668," 18,916 "," 13,358 ",58.61,41.39
16,Chakhesang," 29,699 ",2.455," 25,040 "," 4,659 ",84.31,15.69
17,Khiemnungan," 23,543 ",1.946," 21,896 "," 1,647 ",93.00,7.00
18,Kuki," 14,626 ",1.209," 13,377 "," 1,249 ",91.46,8.54
19,Assemese," 13,144 ",1.087," 9,211 "," 3,933 ",70.08,29.92
20,Pochury," 10,758 ",0.889," 10,585 ", 173 ,98.39,1.61
21,Khezha," 8,091 ",0.669," 7,426 ", 665 ,91.78,8.22
22,Mao," 6,165 ",0.510," 4,588 "," 1,577 ",74.42,25.58
23,Manipuri," 5,445 ",0.450," 2,423 "," 3,022 ",44.50,55.50
24,Zemi," 4,881 ",0.404," 4,862 ", 19 ,99.61,0.39
25,Bodo/Boro," 4,500 ",0.372," 3,933 ", 567 ,87.40,12.60
26,Malayalam," 4,493 ",0.371," 2,034 "," 2,459 ",45.27,54.73
27,Kabui," 3,611 ",0.299," 2,226 "," 1,385 ",61.64,38.36
28,Dimasa," 2,886 ",0.239," 2,868 ", 18 ,99.38,0.62
29,Liangmei," 2,331 ",0.193," 2,331 ", -   ,100.00,0.00
30,Oriya," 1,965 ",0.162," 1,143 ", 822 ,58.17,41.83
31,Garo," 1,681 ",0.139," 1,516 ", 165 ,90.18,9.82
32,Punjabi," 1,466 ",0.121, 614 , 852 ,41.88,58.12
33,Tangkhul," 1,445 ",0.119, 766 , 679 ,53.01,46.99
34,Urdu," 1,381 ",0.114, 832 , 549 ,60.25,39.75
35,Tamil," 1,166 ",0.096, 671 , 495 ,57.55,42.45
36,Lushai/Mizo, 587 ,0.049, 243 , 344 ,41.40,58.60
37,Halam, 559 ,0.046, 559 , -   ,100.00,0.00
38,Thado, 520 ,0.043, 516 , 4 ,99.23,0.77
39,Munda, 511 ,0.042, 340 , 171 ,66.54,33.46
40,Mundari, 480 ,0.040, 398 , 82 ,82.92,17.08
41,Telugu, 416 ,0.034, 156 , 260 ,37.50,62.50
42,Adi, 393 ,0.032, 385 , 8 ,97.96,2.04
43,Dogri, 370 ,0.031, 105 , 265 ,28.38,71.62
44,Santali, 361 ,0.030, 330 , 31 ,91.41,8.59
45,Karbi/Mikir, 326 ,0.027, 235 , 91 ,72.09,27.91
46,Kurukh/Oraon, 289 ,0.024, 227 , 62 ,78.55,21.45
47,Marathi, 260 ,0.021, 138 , 122 ,53.08,46.92
48,English, 198 ,0.016, 95 , 103 ,47.98,52.02
49,Khasi, 183 ,0.015, 84 , 99 ,45.90,54.10
50,Gujarati, 127 ,0.010, 107 , 20 ,84.25,15.75
51,Kannada, 122 ,0.010, 68 , 54 ,55.74,44.26
52,Tibetan, 120 ,0.010, -   , 120 ,0.00,100.00
53,Tripuri, 97 ,0.008, 20 , 77 ,20.62,79.38
54,Konkani, 75 ,0.006, 51 , 24 ,68.00,32.00
55,Maram, 68 ,0.006, 4 , 64 ,5.88,94.12
56,Miri/Mishing, 51 ,0.004, 26 , 25 ,50.98,49.02
57,Paite, 41 ,0.003, 24 , 17 ,58.54,41.46
58,Kharia, 40 ,0.003, 22 , 18 ,55.00,45.00
59,Kashmiri, 32 ,0.003, 24 , 8 ,75.00,25.00
60,Mogh, 32 ,0.003, 1 , 31 ,3.13,96.88
61,Gadaba, 31 ,0.003, 31 , -   ,100.00,0.00
62,Tangsa, 31 ,0.003, 30 , 1 ,96.77,3.23
63,Hmar, 27 ,0.002, 5 , 22 ,18.52,81.48
64,Parji, 23 ,0.002, 20 , 3 ,86.96,13.04
65,Bhumij, 20 ,0.002, 20 , -   ,100.00,0.00
66,Rabha, 18 ,0.001, 17 , 1 ,94.44,5.56
67,Gondi, 13 ,0.001, 12 , 1 ,92.31,7.69
68,Bhili/Bhilodi, 11 ,0.001, 10 , 1 ,90.91,9.09
69,Wancho, 11 ,0.001, 11 , -   ,100.00,0.00
70,Nissi/Dafla, 11 ,0.001, -   , 11 ,0.00,100.00
71,Korwa, 10 ,0.001, 7 , 3 ,70.00,30.00
72,Bhotia, 9 ,0.001, 9 , -   ,100.00,0.00
73,Lahnda, 8 ,0.001, 4 , 4 ,50.00,50.00
74,Sherpa, 8 ,0.001, 8 , -   ,100.00,0.00
75,Anal, 7 ,0.001, -   , 7 ,0.00,100.00
76,Sindhi, 7 ,0.001, 6 , 1 ,85.71,14.29
77,Arabic/Arbi, 6 ,0.000, 6 , -   ,100.00,0.00
78,Bishnupuriya, 6 ,0.000, 1 , 5 ,16.67,83.33
79,Kom, 6 ,0.000, 3 , 3 ,50.00,50.00
80,Mishmi, 4 ,0.000, 3 , 1 ,75.00,25.00
81,Nocte, 4 ,0.000, -   , 4 ,0.00,100.00
82,Gangte, 3 ,0.000, 3 , -   ,100.00,0.00
83,Coorgi/Kodagu, 3 ,0.000, -   , 3 ,0.00,100.00
84,Maring, 3 ,0.000, -   , 3 ,0.00,100.00
85,Konda, 2 ,0.000, 2 , -   ,100.00,0.00
86,Tulu, 2 ,0.000, -   , 2 ,0.00,100.00
87,Vaiphei, 2 ,0.000, -   , 2 ,0.00,100.00
88,Zou, 2 ,0.000, 2 , -   ,100.00,0.00
89,Sanskrit, 1 ,0.000, -   , 1 ,0.00,100.00
90,Savara, 1 ,0.000, 1 , -   ,100.00,0.00
,Total of Other Languages," 1,511 ",0.125, 890 , 621 ,58.90,41.10
,All Languages Total," 1,209,546 ",100.000," 1,001,323 "," 208,223 ",82.79,17.21
,,,,,,,
,Orissa,,,,,,
1,Oriya," 26,199,346 ",82.753," 23,063,312 "," 3,136,034 ",88.03,11.97
2,Hindi," 759,016 ",2.397," 441,351 "," 317,665 ",58.15,41.85
3,Telugu," 665,001 ",2.100," 401,283 "," 263,718 ",60.34,39.66
4,Santali," 661,849 ",2.091," 630,974 "," 30,875 ",95.34,4.66
5,Kui," 636,005 ",2.009," 625,343 "," 10,662 ",98.32,1.68
6,Urdu," 502,102 ",1.586," 306,521 "," 195,581 ",61.05,38.95
7,Bengali," 442,971 ",1.399," 322,857 "," 120,114 ",72.88,27.12
8,Ho," 292,619 ",0.924," 281,233 "," 11,386 ",96.11,3.89
9,Munda," 253,206 ",0.800," 225,894 "," 27,312 ",89.21,10.79
10,Savara," 214,523 ",0.678," 213,258 "," 1,265 ",99.41,0.59
11,Khond/Kondh," 193,775 ",0.612," 190,033 "," 3,742 ",98.07,1.93
12,Kisan," 160,704 ",0.508," 150,619 "," 10,085 ",93.72,6.28
13,Mundari," 145,097 ",0.458," 134,687 "," 10,410 ",92.83,7.17
14,Koya," 101,752 ",0.321," 101,634 ", 118 ,99.88,0.12
15,Kharia," 89,336 ",0.282," 82,229 "," 7,107 ",92.04,7.96
16,Kurukh/Oraon," 85,358 ",0.270," 73,992 "," 11,366 ",86.68,13.32
17,Gondi," 51,948 ",0.164," 51,922 ", 26 ,99.95,0.05
18,Bhumij," 27,669 ",0.087," 26,191 "," 1,478 ",94.66,5.34
19,Gujarati," 24,636 ",0.078," 9,498 "," 15,138 ",38.55,61.45
20,Punjabi," 21,205 ",0.067," 2,343 "," 18,862 ",11.05,88.95
21,Gadaba," 18,927 ",0.060," 18,343 ", 584 ,96.91,3.09
22,Juang," 16,848 ",0.053," 16,800 ", 48 ,99.72,0.28
23,Malayalam," 16,246 ",0.051," 3,094 "," 13,152 ",19.04,80.96
24,Tamil," 11,502 ",0.036," 3,989 "," 7,513 ",34.68,65.32
25,Nepali," 9,689 ",0.031," 1,513 "," 8,176 ",15.62,84.38
26,Parji," 7,222 ",0.023," 7,221 ", 1 ,99.99,0.01
27,Marathi," 3,806 ",0.012, 941 ," 2,865 ",24.72,75.28
28,Sindhi," 2,612 ",0.008, 214 ," 2,398 ",8.19,91.81
29,Halabi," 2,593 ",0.008," 2,593 ", -   ,100.00,0.00
30,Tibetan," 2,005 ",0.006," 1,952 ", 53 ,97.36,2.64
31,Kannada," 1,743 ",0.006, 664 ," 1,079 ",38.10,61.90
32,Koda/Kora," 1,333 ",0.004," 1,306 ", 27 ,97.97,2.03
33,English," 1,063 ",0.003, 79 , 984 ,7.43,92.57
34,Korwa, 377 ,0.001, 190 , 187 ,50.40,49.60
35,Assemese, 370 ,0.001, 90 , 280 ,24.32,75.68
36,Konda, 285 ,0.001, 285 , -   ,100.00,0.00
37,Konkani, 282 ,0.001, 150 , 132 ,53.19,46.81
38,Arabic/Arbi, 267 ,0.001, 153 , 114 ,57.30,42.70
39,Kuki, 136 ,0.000, 135 , 1 ,99.26,0.74
40,Manipuri, 100 ,0.000, 12 , 88 ,12.00,88.00
41,Kashmiri, 82 ,0.000, 5 , 77 ,6.10,93.90
42,Sanskrit, 78 ,0.000, 3 , 75 ,3.85,96.15
43,Kolami, 60 ,0.000, 60 , -   ,100.00,0.00
44,Khasi, 55 ,0.000, 44 , 11 ,80.00,20.00
45,Dogri, 46 ,0.000, 14 , 32 ,30.43,69.57
46,Garo, 17 ,0.000, 16 , 1 ,94.12,5.88
47,Lushai/Mizo, 13 ,0.000, 1 , 12 ,7.69,92.31
48,Bhili/Bhilodi, 12 ,0.000, 10 , 2 ,83.33,16.67
49,Coorgi/Kodagu, 6 ,0.000, -   , 6 ,0.00,100.00
50,Khandeshi, 6 ,0.000, -   , 6 ,0.00,100.00
51,Lahnda, 6 ,0.000, 4 , 2 ,66.67,33.33
52,Adi, 3 ,0.000, -   , 3 ,0.00,100.00
53,Kinnauri, 3 ,0.000, -   , 3 ,0.00,100.00
54,Pochury, 3 ,0.000, 3 , -   ,100.00,0.00
55,Tripuri, 3 ,0.000, -   , 3 ,0.00,100.00
56,Nicobarese, 2 ,0.000, -   , 2 ,0.00,100.00
57,Ao, 1 ,0.000, -   , 1 ,0.00,100.00
58,Angami, 1 ,0.000, -   , 1 ,0.00,100.00
59,Lotha, 1 ,0.000, -   , 1 ,0.00,100.00
60,Bhotia, 1 ,0.000, -   , 1 ,0.00,100.00
61,Nissi/Dafla, 1 ,0.000, -   , 1 ,0.00,100.00
62,Mishmi, 1 ,0.000, -   , 1 ,0.00,100.00
63,Tulu, 1 ,0.000, -   , 1 ,0.00,100.00
,Total of Other Languages," 33,810 ",0.107," 29,695 "," 4,115 ",87.83,12.17
,All Languages Total," 31,659,736 ",100.000," 27,424,753 "," 4,234,983 ",86.62,13.38
,,,,,,,
,Punjab,,,,,,
1,Punjabi," 18,704,461 ",92.222," 13,729,021 "," 4,975,440 ",73.40,26.60
2,Hindi," 1,478,993 ",7.292," 511,106 "," 967,887 ",34.56,65.44
3,Dogri," 27,334 ",0.135," 23,718 "," 3,616 ",86.77,13.23
4,Urdu," 13,416 ",0.066," 4,874 "," 8,542 ",36.33,63.67
5,Bengali," 9,667 ",0.048," 3,447 "," 6,220 ",35.66,64.34
6,Nepali," 7,734 ",0.038," 2,935 "," 4,799 ",37.95,62.05
7,Malayalam," 7,139 ",0.035," 2,396 "," 4,743 ",33.56,66.44
8,Tamil," 6,271 ",0.031," 1,981 "," 4,290 ",31.59,68.41
9,Marathi," 5,704 ",0.028," 2,051 "," 3,653 ",35.96,64.04
10,Gujarati," 4,352 ",0.021, 507 ," 3,845 ",11.65,88.35
11,Oriya," 3,987 ",0.020," 1,477 "," 2,510 ",37.05,62.95
12,Telugu," 3,829 ",0.019," 1,599 "," 2,230 ",41.76,58.24
13,Assemese," 1,809 ",0.009, 770 ," 1,039 ",42.56,57.44
14,Kannada," 1,742 ",0.009, 662 ," 1,080 ",38.00,62.00
15,Lahnda," 1,109 ",0.005, 66 ," 1,043 ",5.95,94.05
16,Kashmiri," 1,083 ",0.005, 317 , 766 ,29.27,70.73
17,Khandeshi, 553 ,0.003, 553 , -   ,100.00,0.00
18,Sindhi, 326 ,0.002, 69 , 257 ,21.17,78.83
19,English, 287 ,0.001, 58 , 229 ,20.21,79.79
20,Arabic/Arbi, 163 ,0.001, 155 , 8 ,95.09,4.91
21,Tibetan, 80 ,0.000, 1 , 79 ,1.25,98.75
22,Tripuri, 56 ,0.000, 24 , 32 ,42.86,57.14
23,Konkani, 53 ,0.000, 9 , 44 ,16.98,83.02
24,Bhili/Bhilodi, 40 ,0.000, 23 , 17 ,57.50,42.50
25,Lushai/Mizo, 39 ,0.000, 25 , 14 ,64.10,35.90
26,Sanskrit, 26 ,0.000, 7 , 19 ,26.92,73.08
27,Garo, 25 ,0.000, 15 , 10 ,60.00,40.00
28,Santali, 25 ,0.000, 12 , 13 ,48.00,52.00
29,Mundari, 22 ,0.000, 2 , 20 ,9.09,90.91
30,Bodo/Boro, 19 ,0.000, 7 , 12 ,36.84,63.16
31,Kurukh/Oraon, 14 ,0.000, 6 , 8 ,42.86,57.14
32,Coorgi/Kodagu, 13 ,0.000, 4 , 9 ,30.77,69.23
33,Kinnauri, 11 ,0.000, 11 , -   ,100.00,0.00
34,Kuki, 9 ,0.000, 3 , 6 ,33.33,66.67
35,Khasi, 8 ,0.000, 7 , 1 ,87.50,12.50
36,Konda, 7 ,0.000, -   , 7 ,0.00,100.00
37,Kharia, 6 ,0.000, 5 , 1 ,83.33,16.67
38,Munda, 6 ,0.000, -   , 6 ,0.00,100.00
39,Chakru/Chokri, 5 ,0.000, -   , 5 ,0.00,100.00
40,Bishnupuriya, 4 ,0.000, -   , 4 ,0.00,100.00
41,Nicobarese, 4 ,0.000, -   , 4 ,0.00,100.00
42,Angami, 2 ,0.000, -   , 2 ,0.00,100.00
43,Adi, 1 ,0.000, -   , 1 ,0.00,100.00
44,Manipuri, 1 ,0.000, -   , 1 ,0.00,100.00
45,Gondi, 1 ,0.000, -   , 1 ,0.00,100.00
46,Bhotia, 1 ,0.000, 1 , -   ,100.00,0.00
47,Dimasa, 1 ,0.000, -   , 1 ,0.00,100.00
48,Tulu, 1 ,0.000, -   , 1 ,0.00,100.00
49,Nocte, 1 ,0.000, 1 , -   ,100.00,0.00
50,Zou, 1 ,0.000, -   , 1 ,0.00,100.00
51,Paite, 1 ,0.000, 1 , -   ,100.00,0.00
52,Nissi/Dafla, 1 ,0.000, -   , 1 ,0.00,100.00
53,Vaiphei, 1 ,0.000, -   , 1 ,0.00,100.00
,Total of Other Languages," 1,525 ",0.008, 818 , 707 ,53.64,46.36
,All Languages Total," 20,281,969 ",100.000," 14,288,744 "," 5,993,225 ",70.45,29.55
,,,,,,,
,Rajasthan,,,,,,
1,Hindi," 39,410,968 ",89.558," 30,759,267 "," 8,651,701 ",78.05,21.95
2,Bhili/Bhilodi," 2,258,721 ",5.133," 2,197,412 "," 61,309 ",97.29,2.71
3,Urdu," 953,497 ",2.167," 151,317 "," 802,180 ",15.87,84.13
4,Punjabi," 834,243 ",1.896," 650,943 "," 183,300 ",78.03,21.97
5,Sindhi," 336,523 ",0.765," 94,878 "," 241,645 ",28.19,71.81
6,Gujarati," 50,367 ",0.114," 18,679 "," 31,688 ",37.09,62.91
7,Bengali," 28,133 ",0.064," 8,689 "," 19,444 ",30.89,69.11
8,Malayalam," 26,450 ",0.060," 5,694 "," 20,756 ",21.53,78.47
9,Marathi," 18,142 ",0.041," 3,405 "," 14,737 ",18.77,81.23
10,Tamil," 12,461 ",0.028," 2,485 "," 9,976 ",19.94,80.06
11,Oriya," 10,494 ",0.024," 5,171 "," 5,323 ",49.28,50.72
12,Telugu," 7,332 ",0.017," 1,713 "," 5,619 ",23.36,76.64
13,Nepali," 6,769 ",0.015," 1,407 "," 5,362 ",20.79,79.21
14,Lahnda," 5,190 ",0.012," 4,097 "," 1,093 ",78.94,21.06
15,Kannada," 3,101 ",0.007, 704 ," 2,397 ",22.70,77.30
16,Dogri," 2,644 ",0.006," 1,013 "," 1,631 ",38.31,61.69
17,Assemese," 2,135 ",0.005, 575 ," 1,560 ",26.93,73.07
18,English," 1,593 ",0.004, 63 ," 1,530 ",3.95,96.05
19,Kashmiri," 1,005 ",0.002, 363 , 642 ,36.12,63.88
20,Arabic/Arbi, 687 ,0.002, 142 , 545 ,20.67,79.33
21,Sanskrit, 433 ,0.001, 221 , 212 ,51.04,48.96
22,Gondi, 192 ,0.000, 1 , 191 ,0.52,99.48
23,Khasi, 129 ,0.000, 20 , 109 ,15.50,84.50
24,Konkani, 126 ,0.000, 9 , 117 ,7.14,92.86
25,Khandeshi, 79 ,0.000, 71 , 8 ,89.87,10.13
26,Bodo/Boro, 63 ,0.000, 5 , 58 ,7.94,92.06
27,Adi, 53 ,0.000, 4 , 49 ,7.55,92.45
28,Santali, 45 ,0.000, 14 , 31 ,31.11,68.89
29,Lushai/Mizo, 36 ,0.000, 16 , 20 ,44.44,55.56
30,Tripuri, 28 ,0.000, 12 , 16 ,42.86,57.14
31,Mundari, 22 ,0.000, 6 , 16 ,27.27,72.73
32,Ho, 19 ,0.000, 1 , 18 ,5.26,94.74
33,Tulu, 18 ,0.000, -   , 18 ,0.00,100.00
34,Kurukh/Oraon, 17 ,0.000, 10 , 7 ,58.82,41.18
35,Ao, 14 ,0.000, 2 , 12 ,14.29,85.71
36,Anal, 13 ,0.000, -   , 13 ,0.00,100.00
37,Karbi/Mikir, 11 ,0.000, 5 , 6 ,45.45,54.55
38,Nicobarese, 11 ,0.000, 11 , -   ,100.00,0.00
39,Coorgi/Kodagu, 10 ,0.000, 5 , 5 ,50.00,50.00
40,Munda, 10 ,0.000, 5 , 5 ,50.00,50.00
41,Tibetan, 10 ,0.000, -   , 10 ,0.00,100.00
42,Nocte, 9 ,0.000, -   , 9 ,0.00,100.00
43,Sema, 9 ,0.000, -   , 9 ,0.00,100.00
44,Nissi/Dafla, 9 ,0.000, 8 , 1 ,88.89,11.11
45,Kuki, 6 ,0.000, -   , 6 ,0.00,100.00
46,Halabi, 5 ,0.000, 5 , -   ,100.00,0.00
47,Kabui, 4 ,0.000, 4 , -   ,100.00,0.00
48,Monpa, 4 ,0.000, 4 , -   ,100.00,0.00
49,Rengma, 4 ,0.000, 4 , -   ,100.00,0.00
50,Lepcha, 3 ,0.000, 2 , 1 ,66.67,33.33
51,Korwa, 3 ,0.000, -   , 3 ,0.00,100.00
52,Savara, 3 ,0.000, -   , 3 ,0.00,100.00
53,Korku, 2 ,0.000, 2 , -   ,100.00,0.00
54,Bhotia, 2 ,0.000, 1 , 1 ,50.00,50.00
55,Lotha, 2 ,0.000, 1 , 1 ,50.00,50.00
56,Manipuri, 1 ,0.000, -   , 1 ,0.00,100.00
57,Bhumij, 1 ,0.000, -   , 1 ,0.00,100.00
58,Lakher, 1 ,0.000, 1 , -   ,100.00,0.00
59,Kinnauri, 1 ,0.000, -   , 1 ,0.00,100.00
60,Dimasa, 1 ,0.000, 1 , -   ,100.00,0.00
61,Lahauli, 1 ,0.000, 1 , -   ,100.00,0.00
62,Paite, 1 ,0.000, -   , 1 ,0.00,100.00
63,Mishmi, 1 ,0.000, -   , 1 ,0.00,100.00
64,Tangkhul, 1 ,0.000, 1 , -   ,100.00,0.00
65,Mao, 1 ,0.000, -   , 1 ,0.00,100.00
66,Malto , 1 ,0.000, -   , 1 ,0.00,100.00
,Total of Other Languages," 34,120 ",0.078," 30,407 "," 3,713 ",89.12,10.88
,All Languages Total," 44,005,990 ",100.000," 33,938,877 "," 10,067,113 ",77.12,22.88
,,,,,,,
,Sikkim,,,,,,
1,Nepali," 256,418 ",63.086," 237,347 "," 19,071 ",92.56,7.44
2,Bhotia," 32,593 ",8.019," 30,266 "," 2,327 ",92.86,7.14
3,Lepcha," 29,854 ",7.345," 29,080 ", 774 ,97.41,2.59
4,Limbu," 26,985 ",6.639," 26,699 ", 286 ,98.94,1.06
5,Hindi," 19,868 ",4.888," 10,583 "," 9,285 ",53.27,46.73
6,Sherpa," 13,872 ",3.413," 13,503 ", 369 ,97.34,2.66
7,Bengali," 2,746 ",0.676," 1,720 "," 1,026 ",62.64,37.36
8,Tibetan," 2,580 ",0.635," 1,777 ", 803 ,68.88,31.12
9,Urdu," 1,703 ",0.419, 900 , 803 ,52.85,47.15
10,Malayalam, 710 ,0.175, 576 , 134 ,81.13,18.87
11,Punjabi, 526 ,0.129, 404 , 122 ,76.81,23.19
12,Telugu, 184 ,0.045, 144 , 40 ,78.26,21.74
13,Tamil, 169 ,0.042, 141 , 28 ,83.43,16.57
14,Marathi, 140 ,0.034, 131 , 9 ,93.57,6.43
15,Oriya, 110 ,0.027, 82 , 28 ,74.55,25.45
16,Assemese, 77 ,0.019, 60 , 17 ,77.92,22.08
17,Dogri, 71 ,0.017, 71 , -   ,100.00,0.00
18,Kurukh/Oraon, 67 ,0.016, 66 , 1 ,98.51,1.49
19,Kannada, 43 ,0.011, 36 , 7 ,83.72,16.28
20,Manipuri, 42 ,0.010, 35 , 7 ,83.33,16.67
21,Gujarati, 42 ,0.010, 36 , 6 ,85.71,14.29
22,English, 39 ,0.010, 20 , 19 ,51.28,48.72
23,Munda, 29 ,0.007, 29 , -   ,100.00,0.00
24,Lushai/Mizo, 21 ,0.005, 21 , -   ,100.00,0.00
25,Santali, 15 ,0.004, 11 , 4 ,73.33,26.67
26,Kuki, 11 ,0.003, 11 , -   ,100.00,0.00
27,Bodo/Boro, 9 ,0.002, 4 , 5 ,44.44,55.56
28,Mundari, 7 ,0.002, 7 , -   ,100.00,0.00
29,Sindhi, 6 ,0.001, 5 , 1 ,83.33,16.67
30,Khasi, 6 ,0.001, 4 , 2 ,66.67,33.33
31,Miri/Mishing, 6 ,0.001, 6 , -   ,100.00,0.00
32,Kashmiri, 4 ,0.001, -   , 4 ,0.00,100.00
33,Kinnauri, 4 ,0.001, -   , 4 ,0.00,100.00
34,Tangkhul, 4 ,0.001, 4 , -   ,100.00,0.00
35,Ao, 1 ,0.000, -   , 1 ,0.00,100.00
36,Kharia, 1 ,0.000, 1 , -   ,100.00,0.00
37,Tripuri, 1 ,0.000, 1 , -   ,100.00,0.00
,Total of Other Languages," 17,493 ",4.304," 15,670 "," 1,823 ",89.58,10.42
,All Languages Total," 406,457 ",100.000," 369,451 "," 37,006 ",90.90,9.10
,,,,,,,
,Tamil Nadu,,,,,,
1,Tamil," 48,434,744 ",86.709," 32,972,931 "," 15,461,813 ",68.08,31.92
2,Telugu," 3,975,561 ",7.117," 2,406,206 "," 1,569,355 ",60.52,39.48
3,Kannada," 1,208,296 ",2.163," 818,957 "," 389,339 ",67.78,32.22
4,Urdu," 1,036,660 ",1.856," 285,039 "," 751,621 ",27.50,72.50
5,Malayalam," 661,137 ",1.184," 221,403 "," 439,734 ",33.49,66.51
6,Gujarati," 244,921 ",0.438," 24,006 "," 220,915 ",9.80,90.20
7,Hindi," 159,948 ",0.286," 22,625 "," 137,323 ",14.15,85.85
8,Marathi," 70,045 ",0.125," 19,788 "," 50,257 ",28.25,71.75
9,English," 22,724 ",0.041," 1,130 "," 21,594 ",4.97,95.03
10,Sindhi," 8,257 ",0.015, 43 ," 8,214 ",0.52,99.48
11,Konkani," 6,303 ",0.011, 409 ," 5,894 ",6.49,93.51
12,Bengali," 5,574 ",0.010," 1,051 "," 4,523 ",18.86,81.14
13,Punjabi," 5,536 ",0.010, 637 ," 4,899 ",11.51,88.49
14,Nepali," 3,627 ",0.006, 977 ," 2,650 ",26.94,73.06
15,Tulu," 3,370 ",0.006, 865 ," 2,505 ",25.67,74.33
16,Oriya," 2,660 ",0.005, 581 ," 2,079 ",21.84,78.16
17,Arabic/Arbi," 1,056 ",0.002, 535 , 521 ,50.66,49.34
18,Assemese, 509 ,0.001, 99 , 410 ,19.45,80.55
19,Gondi, 310 ,0.001, -   , 310 ,0.00,100.00
20,Coorgi/Kodagu, 224 ,0.000, 63 , 161 ,28.13,71.88
21,Kashmiri, 193 ,0.000, 15 , 178 ,7.77,92.23
22,Sanskrit, 169 ,0.000, 65 , 104 ,38.46,61.54
23,Manipuri, 156 ,0.000, 70 , 86 ,44.87,55.13
24,Tibetan, 139 ,0.000, -   , 139 ,0.00,100.00
25,Dogri, 94 ,0.000, 17 , 77 ,18.09,81.91
26,Korwa, 54 ,0.000, -   , 54 ,0.00,100.00
27,Bhili/Bhilodi, 28 ,0.000, 2 , 26 ,7.14,92.86
28,Lushai/Mizo, 28 ,0.000, 8 , 20 ,28.57,71.43
29,Lahauli, 19 ,0.000, 7 , 12 ,36.84,63.16
30,Sema, 19 ,0.000, 12 , 7 ,63.16,36.84
31,Hmar, 16 ,0.000, -   , 16 ,0.00,100.00
32,Khasi, 11 ,0.000, 2 , 9 ,18.18,81.82
33,Kurukh/Oraon, 10 ,0.000, -   , 10 ,0.00,100.00
34,Santali, 9 ,0.000, 9 , -   ,100.00,0.00
35,Angami, 7 ,0.000, 1 , 6 ,14.29,85.71
36,Korku, 5 ,0.000, -   , 5 ,0.00,100.00
37,Ao, 4 ,0.000, 2 , 2 ,50.00,50.00
38,Nocte, 4 ,0.000, -   , 4 ,0.00,100.00
39,Kuki, 3 ,0.000, -   , 3 ,0.00,100.00
40,Tangkhul, 3 ,0.000, -   , 3 ,0.00,100.00
41,Mundari, 3 ,0.000, -   , 3 ,0.00,100.00
42,Kharia, 2 ,0.000, -   , 2 ,0.00,100.00
43,Nicobarese, 2 ,0.000, -   , 2 ,0.00,100.00
44,Koya, 1 ,0.000, 1 , -   ,100.00,0.00
45,Lahnda, 1 ,0.000, -   , 1 ,0.00,100.00
46,Liangmei, 1 ,0.000, 1 , -   ,100.00,0.00
47,Garo, 1 ,0.000, -   , 1 ,0.00,100.00
48,Konda, 1 ,0.000, -   , 1 ,0.00,100.00
49,Munda, 1 ,0.000, -   , 1 ,0.00,100.00
,Total of Other Languages," 6,500 ",0.012," 3,797 "," 2,703 ",58.42,41.58
,All Languages Total," 55,858,946 ",100.000," 36,781,354 "," 19,077,592 ",65.85,34.15
,,,,,,,
,Tripura,,,,,,
1,Bengali," 1,899,162 ",68.880," 1,504,220 "," 394,942 ",79.20,20.80
2,Tripuri," 647,847 ",23.497," 637,913 "," 9,934 ",98.47,1.53
3,Hindi," 45,803 ",1.661," 37,235 "," 8,568 ",81.29,18.71
4,Mogh," 27,966 ",1.014," 27,924 ", 42 ,99.85,0.15
5,Halam," 24,123 ",0.875," 24,039 ", 84 ,99.65,0.35
6,Manipuri," 19,737 ",0.716," 15,534 "," 4,203 ",78.70,21.30
7,Bishnupuriya," 18,996 ",0.689," 17,798 "," 1,198 ",93.69,6.31
8,Oriya," 18,423 ",0.668," 17,909 ", 514 ,97.21,2.79
9,Garo," 9,056 ",0.328," 8,893 ", 163 ,98.20,1.80
10,Munda," 7,134 ",0.259," 7,107 ", 27 ,99.62,0.38
11,Lushai/Mizo," 4,568 ",0.166," 4,480 ", 88 ,98.07,1.93
12,Kurukh/Oraon," 4,475 ",0.162," 4,431 ", 44 ,99.02,0.98
13,Santali," 3,104 ",0.113," 3,040 ", 64 ,97.94,2.06
14,Nepali," 3,082 ",0.112," 2,406 ", 676 ,78.07,21.93
15,Telugu," 2,932 ",0.106," 2,754 ", 178 ,93.93,6.07
16,Bhili/Bhilodi," 1,466 ",0.053," 1,456 ", 10 ,99.32,0.68
17,Malayalam," 1,231 ",0.045," 1,025 ", 206 ,83.27,16.73
18,Punjabi," 1,230 ",0.045," 1,095 ", 135 ,89.02,10.98
19,Kuki," 1,173 ",0.043," 1,165 ", 8 ,99.32,0.68
20,Gujarati," 1,067 ",0.039," 1,041 ", 26 ,97.56,2.44
21,Assemese, 989 ,0.036, 856 , 133 ,86.55,13.45
22,Savara, 712 ,0.026, 712 , -   ,100.00,0.00
23,Gondi, 498 ,0.018, 498 , -   ,100.00,0.00
24,Marathi, 434 ,0.016, 370 , 64 ,85.25,14.75
25,Tamil, 423 ,0.015, 361 , 62 ,85.34,14.66
26,Tibetan, 358 ,0.013, 358 , -   ,100.00,0.00
27,Kannada, 308 ,0.011, 253 , 55 ,82.14,17.86
28,Khasi, 257 ,0.009, 253 , 4 ,98.44,1.56
29,Mundari, 187 ,0.007, 178 , 9 ,95.19,4.81
30,Urdu, 173 ,0.006, 159 , 14 ,91.91,8.09
31,Bhumij, 140 ,0.005, 140 , -   ,100.00,0.00
32,Malto , 121 ,0.004, 121 , -   ,100.00,0.00
33,Dogri, 115 ,0.004, 109 , 6 ,94.78,5.22
34,Kharia, 64 ,0.002, 64 , -   ,100.00,0.00
35,Koda/Kora, 58 ,0.002, 58 , -   ,100.00,0.00
36,Maram, 58 ,0.002, 58 , -   ,100.00,0.00
37,Bodo/Boro, 41 ,0.001, 38 , 3 ,92.68,7.32
38,Limbu, 27 ,0.001, 27 , -   ,100.00,0.00
39,Konda, 26 ,0.001, 26 , -   ,100.00,0.00
40,English, 21 ,0.001, 1 , 20 ,4.76,95.24
41,Korwa, 21 ,0.001, 21 , -   ,100.00,0.00
42,Paite, 15 ,0.001, 2 , 13 ,13.33,86.67
43,Mishmi, 14 ,0.001, 14 , -   ,100.00,0.00
44,Kashmiri, 12 ,0.000, 12 , -   ,100.00,0.00
45,Sindhi, 11 ,0.000, 10 , 1 ,90.91,9.09
46,Ho, 11 ,0.000, 11 , -   ,100.00,0.00
47,Arabic/Arbi, 9 ,0.000, 9 , -   ,100.00,0.00
48,Sema, 9 ,0.000, 9 , -   ,100.00,0.00
49,Lepcha, 8 ,0.000, -   , 8 ,0.00,100.00
50,Dimasa, 7 ,0.000, 7 , -   ,100.00,0.00
51,Chang, 6 ,0.000, 6 , -   ,100.00,0.00
52,Adi, 5 ,0.000, 5 , -   ,100.00,0.00
53,Nissi/Dafla, 5 ,0.000, 5 , -   ,100.00,0.00
54,Konkani, 4 ,0.000, -   , 4 ,0.00,100.00
55,Kabui, 4 ,0.000, 1 , 3 ,25.00,75.00
56,Vaiphei, 3 ,0.000, 3 , -   ,100.00,0.00
57,Tulu, 3 ,0.000, 3 , -   ,100.00,0.00
58,Ao, 2 ,0.000, 2 , -   ,100.00,0.00
59,Zou, 2 ,0.000, 2 , -   ,100.00,0.00
60,Tangsa, 2 ,0.000, 2 , -   ,100.00,0.00
61,Anal, 1 ,0.000, 1 , -   ,100.00,0.00
62,Sanskrit, 1 ,0.000, 1 , -   ,100.00,0.00
63,Angami, 1 ,0.000, 1 , -   ,100.00,0.00
64,Thado, 1 ,0.000, 1 , -   ,100.00,0.00
65,Lotha, 1 ,0.000, 1 , -   ,100.00,0.00
,Total of Other Languages," 9,462 ",0.343," 9,250 ", 212 ,97.76,2.24
,All Languages Total," 2,757,205 ",100.000," 2,335,484 "," 421,721 ",84.70,15.30
,,,,,,,
,Uttar Pradesh,,,,,,
1,Hindi," 125,348,492 ",90.106," 105,002,756 "," 20,345,736 ",83.77,16.23
2,Urdu," 12,492,927 ",8.980," 5,777,626 "," 6,715,301 ",46.25,53.75
3,Punjabi," 661,215 ",0.475," 404,647 "," 256,568 ",61.20,38.80
4,Bengali," 263,917 ",0.190," 158,316 "," 105,601 ",59.99,40.01
5,Nepali," 99,859 ",0.072," 58,777 "," 41,082 ",58.86,41.14
6,Sindhi," 52,168 ",0.038," 7,376 "," 44,792 ",14.14,85.86
7,Sanskrit," 44,847 ",0.032," 40,807 "," 4,040 ",90.99,9.01
8,Marathi," 17,698 ",0.013," 2,907 "," 14,791 ",16.43,83.57
9,Malayalam," 15,721 ",0.011," 3,579 "," 12,142 ",22.77,77.23
10,Tamil," 15,569 ",0.011," 2,225 "," 13,344 ",14.29,85.71
11,Oriya," 14,742 ",0.011," 9,017 "," 5,725 ",61.17,38.83
12,Gujarati," 11,311 ",0.008," 2,655 "," 8,656 ",23.47,76.53
13,Telugu," 10,597 ",0.008," 2,167 "," 8,430 ",20.45,79.55
14,Tibetan," 8,390 ",0.006," 3,515 "," 4,875 ",41.90,58.10
15,Bhotia," 7,331 ",0.005," 5,193 "," 2,138 ",70.84,29.16
16,Tripuri," 6,958 ",0.005," 5,071 "," 1,887 ",72.88,27.12
17,Kashmiri," 5,227 ",0.004," 3,609 "," 1,618 ",69.05,30.95
18,Dogri," 4,933 ",0.004," 2,049 "," 2,884 ",41.54,58.46
19,English," 4,826 ",0.003, 453 ," 4,373 ",9.39,90.61
20,Arabic/Arbi," 4,626 ",0.003," 3,030 "," 1,596 ",65.50,34.50
21,Kannada," 3,727 ",0.003, 582 ," 3,145 ",15.62,84.38
22,Assemese," 2,844 ",0.002, 685 ," 2,159 ",24.09,75.91
23,Lahnda," 1,375 ",0.001," 1,064 ", 311 ,77.38,22.62
24,Bhili/Bhilodi, 830 ,0.001, 567 , 263 ,68.31,31.69
25,Manipuri, 576 ,0.000, 73 , 503 ,12.67,87.33
26,Khasi, 418 ,0.000, 345 , 73 ,82.54,17.46
27,Konkani, 364 ,0.000, 120 , 244 ,32.97,67.03
28,Bhumij, 322 ,0.000, 311 , 11 ,96.58,3.42
29,Munda, 290 ,0.000, 208 , 82 ,71.72,28.28
30,Gondi, 281 ,0.000, 62 , 219 ,22.06,77.94
31,Santali, 261 ,0.000, 128 , 133 ,49.04,50.96
32,Mundari, 221 ,0.000, 128 , 93 ,57.92,42.08
33,Jatapu, 220 ,0.000, 220 , -   ,100.00,0.00
34,Korwa, 192 ,0.000, -   , 192 ,0.00,100.00
35,Kinnauri, 119 ,0.000, 98 , 21 ,82.35,17.65
36,Khandeshi, 96 ,0.000, 96 , -   ,100.00,0.00
37,Kurukh/Oraon, 87 ,0.000, 70 , 17 ,80.46,19.54
38,Tangsa, 76 ,0.000, -   , 76 ,0.00,100.00
39,Kharia, 71 ,0.000, 9 , 62 ,12.68,87.32
40,Tulu, 49 ,0.000, 26 , 23 ,53.06,46.94
41,Lushai/Mizo, 41 ,0.000, 17 , 24 ,41.46,58.54
42,Bodo/Boro, 32 ,0.000, 4 , 28 ,12.50,87.50
43,Kisan, 30 ,0.000, -   , 30 ,0.00,100.00
44,Konda, 26 ,0.000, -   , 26 ,0.00,100.00
45,Malto , 23 ,0.000, 23 , -   ,100.00,0.00
46,Sherpa, 20 ,0.000, 4 , 16 ,20.00,80.00
47,Coorgi/Kodagu, 11 ,0.000, 10 , 1 ,90.91,9.09
48,Lepcha, 8 ,0.000, 5 , 3 ,62.50,37.50
49,Lotha, 8 ,0.000, 8 , -   ,100.00,0.00
50,Thado, 6 ,0.000, -   , 6 ,0.00,100.00
51,Mishmi, 6 ,0.000, -   , 6 ,0.00,100.00
52,Kuki, 5 ,0.000, -   , 5 ,0.00,100.00
53,Halam, 5 ,0.000, -   , 5 ,0.00,100.00
54,Ao, 4 ,0.000, 2 , 2 ,50.00,50.00
55,Kui, 4 ,0.000, -   , 4 ,0.00,100.00
56,Lahauli, 4 ,0.000, 2 , 2 ,50.00,50.00
57,Bishnupuriya, 4 ,0.000, -   , 4 ,0.00,100.00
58,Monpa, 4 ,0.000, 4 , -   ,100.00,0.00
59,Mao, 4 ,0.000, 4 , -   ,100.00,0.00
60,Adi, 3 ,0.000, 1 , 2 ,33.33,66.67
61,Angami, 3 ,0.000, -   , 3 ,0.00,100.00
62,Anal, 2 ,0.000, -   , 2 ,0.00,100.00
63,Garo, 2 ,0.000, -   , 2 ,0.00,100.00
64,Zou, 2 ,0.000, -   , 2 ,0.00,100.00
65,Koya, 1 ,0.000, 1 , -   ,100.00,0.00
66,Ho, 1 ,0.000, 1 , -   ,100.00,0.00
67,Kabui, 1 ,0.000, -   , 1 ,0.00,100.00
,Total of Other Languages," 8,254 ",0.006," 5,719 "," 2,535 ",69.29,30.71
,All Languages Total," 139,112,287 ",100.000," 111,506,372 "," 27,605,915 ",80.16,19.84
,,,,,,,
,West Bengal,,,,,,
1,Bengali," 58,541,519 ",85.992," 44,843,017 "," 13,698,502 ",76.60,23.40
2,Hindi," 4,479,170 ",6.579," 1,300,306 "," 3,178,864 ",29.03,70.97
3,Santali," 1,858,010 ",2.729," 1,775,953 "," 82,057 ",95.58,4.42
4,Urdu," 1,455,649 ",2.138," 345,870 "," 1,109,779 ",23.76,76.24
5,Nepali," 860,403 ",1.264," 661,156 "," 199,247 ",76.84,23.16
6,Kurukh/Oraon," 192,833 ",0.283," 185,612 "," 7,221 ",96.26,3.74
7,Oriya," 170,001 ",0.250," 35,232 "," 134,769 ",20.72,79.28
8,Telugu," 108,443 ",0.159," 3,270 "," 105,173 ",3.02,96.98
9,Punjabi," 71,376 ",0.105," 6,287 "," 65,089 ",8.81,91.19
10,Munda," 46,328 ",0.068," 43,988 "," 2,340 ",94.95,5.05
11,Gujarati," 38,319 ",0.056," 3,520 "," 34,799 ",9.19,90.81
12,Mundari," 28,707 ",0.042," 28,472 ", 235 ,99.18,0.82
13,Tamil," 25,797 ",0.038," 1,586 "," 24,211 ",6.15,93.85
14,Bodo/Boro," 25,168 ",0.037," 24,443 ", 725 ,97.12,2.88
15,Koda/Kora," 24,070 ",0.035," 22,882 "," 1,188 ",95.06,4.94
16,Malayalam," 17,215 ",0.025," 3,659 "," 13,556 ",21.25,78.75
17,English," 15,394 ",0.023, 630 ," 14,764 ",4.09,95.91
18,Marathi," 11,849 ",0.017," 4,319 "," 7,530 ",36.45,63.55
19,Lepcha," 9,421 ",0.014," 9,251 ", 170 ,98.20,1.80
20,Kharia," 6,482 ",0.010," 6,244 ", 238 ,96.33,3.67
21,Rabha," 6,325 ",0.009," 6,279 ", 46 ,99.27,0.73
22,Tibetan," 5,695 ",0.008," 1,698 "," 3,997 ",29.82,70.18
23,Sindhi," 5,404 ",0.008, 524 ," 4,880 ",9.70,90.30
24,Assemese," 4,021 ",0.006," 2,577 "," 1,444 ",64.09,35.91
25,Bhotia," 3,770 ",0.006," 2,597 "," 1,173 ",68.89,31.11
26,Bhumij," 2,633 ",0.004," 2,591 ", 42 ,98.40,1.60
27,Ho," 2,315 ",0.003," 2,113 ", 202 ,91.27,8.73
28,Arabic/Arbi," 1,713 ",0.003, 625 ," 1,088 ",36.49,63.51
29,Savara," 1,628 ",0.002," 1,617 ", 11 ,99.32,0.68
30,Kannada," 1,624 ",0.002, 495 ," 1,129 ",30.48,69.52
31,Malto ," 1,511 ",0.002," 1,499 ", 12 ,99.21,0.79
32,Sherpa," 1,390 ",0.002," 1,262 ", 128 ,90.79,9.21
33,Garo," 1,224 ",0.002," 1,189 ", 35 ,97.14,2.86
34,Khasi," 1,097 ",0.002, 950 , 147 ,86.60,13.40
35,Konkani, 944 ,0.001, 46 , 898 ,4.87,95.13
36,Manipuri, 824 ,0.001, 362 , 462 ,43.93,56.07
37,Gondi, 731 ,0.001, 713 , 18 ,97.54,2.46
38,Dogri, 636 ,0.001, 430 , 206 ,67.61,32.39
39,Kashmiri, 462 ,0.001, 62 , 400 ,13.42,86.58
40,Limbu, 448 ,0.001, 417 , 31 ,93.08,6.92
41,Konda, 375 ,0.001, 373 , 2 ,99.47,0.53
42,Korwa, 322 ,0.000, 310 , 12 ,96.27,3.73
43,Korku, 279 ,0.000, 279 , -   ,100.00,0.00
44,Koch, 258 ,0.000, 247 , 11 ,95.74,4.26
45,Lushai/Mizo, 188 ,0.000, 83 , 105 ,44.15,55.85
46,Parji, 171 ,0.000, 171 , -   ,100.00,0.00
47,Konyak, 120 ,0.000, 120 , -   ,100.00,0.00
48,Chakru/Chokri, 113 ,0.000, 113 , -   ,100.00,0.00
49,Chang, 85 ,0.000, 84 , 1 ,98.82,1.18
50,Bhili/Bhilodi, 77 ,0.000, 63 , 14 ,81.82,18.18
51,Koya, 72 ,0.000, 72 , -   ,100.00,0.00
52,Kisan, 70 ,0.000, 70 , -   ,100.00,0.00
53,Tripuri, 66 ,0.000, 41 , 25 ,62.12,37.88
54,Adi, 65 ,0.000, 63 , 2 ,96.92,3.08
55,Lahnda, 42 ,0.000, 32 , 10 ,76.19,23.81
56,Sanskrit, 41 ,0.000, 22 , 19 ,53.66,46.34
57,Tulu, 39 ,0.000, 1 , 38 ,2.56,97.44
58,Kuki, 32 ,0.000, 23 , 9 ,71.88,28.13
59,Paite, 31 ,0.000, 11 , 20 ,35.48,64.52
60,Hmar, 24 ,0.000, 16 , 8 ,66.67,33.33
61,Khond/Kondh, 15 ,0.000, 6 , 9 ,40.00,60.00
62,Ao, 14 ,0.000, 5 , 9 ,35.71,64.29
63,Karbi/Mikir, 13 ,0.000, 5 , 8 ,38.46,61.54
64,Coorgi/Kodagu, 13 ,0.000, 6 , 7 ,46.15,53.85
65,Zou, 13 ,0.000, 13 , -   ,100.00,0.00
66,Vaiphei, 13 ,0.000, 12 , 1 ,92.31,7.69
67,Miri/Mishing, 12 ,0.000, 6 , 6 ,50.00,50.00
68,Nicobarese, 11 ,0.000, 3 , 8 ,27.27,72.73
69,Gangte, 10 ,0.000, 7 , 3 ,70.00,30.00
70,Juang, 10 ,0.000, 10 , -   ,100.00,0.00
71,Sema, 10 ,0.000, 10 , -   ,100.00,0.00
72,Phom, 8 ,0.000, 8 , -   ,100.00,0.00
73,Halam, 7 ,0.000, -   , 7 ,0.00,100.00
74,Angami, 6 ,0.000, 3 , 3 ,50.00,50.00
75,Liangmei, 6 ,0.000, -   , 6 ,0.00,100.00
76,Sangtam, 6 ,0.000, -   , 6 ,0.00,100.00
77,Tangkhul, 6 ,0.000, 6 , -   ,100.00,0.00
78,Nissi/Dafla, 6 ,0.000, 4 , 2 ,66.67,33.33
79,Anal, 5 ,0.000, 5 , -   ,100.00,0.00
80,Mogh, 5 ,0.000, 5 , -   ,100.00,0.00
81,Thado, 5 ,0.000, -   , 5 ,0.00,100.00
82,Mao, 4 ,0.000, -   , 4 ,0.00,100.00
83,Mishmi, 4 ,0.000, 4 , -   ,100.00,0.00
84,Wancho, 2 ,0.000, 2 , -   ,100.00,0.00
85,Khandeshi, 1 ,0.000, -   , 1 ,0.00,100.00
86,Deori, 1 ,0.000, 1 , -   ,100.00,0.00
87,Dimasa, 1 ,0.000, 1 , -   ,100.00,0.00
88,Kom, 1 ,0.000, -   , 1 ,0.00,100.00
89,Maram, 1 ,0.000, -   , 1 ,0.00,100.00
90,Tangsa, 1 ,0.000, -   , 1 ,0.00,100.00
91,Rengma, 1 ,0.000, -   , 1 ,0.00,100.00
,Total of Other Languages," 44,735 ",0.066," 34,305 "," 10,430 ",76.68,23.32
,All Languages Total," 68,077,965 ",100.000," 49,370,364 "," 18,707,601 ",72.52,27.48
,,,,,,,
,Andaman And Nicobar Islands,,,,,,
1,Bengali," 64,706 ",23.055," 59,221 "," 5,485 ",91.52,8.48
2,Tamil," 53,536 ",19.075," 31,789 "," 21,747 ",59.38,40.62
3,Hindi," 49,469 ",17.626," 35,109 "," 14,360 ",70.97,29.03
4,Telugu," 32,979 ",11.750," 15,421 "," 17,558 ",46.76,53.24
5,Nicobarese," 26,206 ",9.337," 25,712 ", 494 ,98.11,1.89
6,Malayalam," 26,075 ",9.291," 16,726 "," 9,349 ",64.15,35.85
7,Kurukh/Oraon," 9,253 ",3.297," 8,417 ", 836 ,90.97,9.03
8,Munda," 2,945 ",1.049," 2,476 ", 469 ,84.07,15.93
9,Kharia," 2,498 ",0.890," 2,339 ", 159 ,93.63,6.37
10,Punjabi," 1,752 ",0.624, 913 , 839 ,52.11,47.89
11,Urdu," 1,492 ",0.532, 352 ," 1,140 ",23.59,76.41
12,Oriya, 841 ,0.300, 716 , 125 ,85.14,14.86
13,Marathi, 539 ,0.192, 352 , 187 ,65.31,34.69
14,Santali, 396 ,0.141, 387 , 9 ,97.73,2.27
15,Nepali, 393 ,0.140, 159 , 234 ,40.46,59.54
16,Kannada, 323 ,0.115, 174 , 149 ,53.87,46.13
17,Mundari, 228 ,0.081, 172 , 56 ,75.44,24.56
18,Gujarati, 193 ,0.069, 71 , 122 ,36.79,63.21
19,English, 72 ,0.026, 12 , 60 ,16.67,83.33
20,Konkani, 64 ,0.023, 17 , 47 ,26.56,73.44
21,Assemese, 54 ,0.019, 28 , 26 ,51.85,48.15
22,Sindhi, 24 ,0.009, 3 , 21 ,12.50,87.50
23,Dogri, 24 ,0.009, 7 , 17 ,29.17,70.83
24,Coorgi/Kodagu, 10 ,0.004, 8 , 2 ,80.00,20.00
25,Kinnauri, 9 ,0.003, 9 , -   ,100.00,0.00
26,Kashmiri, 8 ,0.003, 2 , 6 ,25.00,75.00
27,Tripuri, 8 ,0.003, -   , 8 ,0.00,100.00
28,Manipuri, 7 ,0.002, 3 , 4 ,42.86,57.14
29,Gondi, 7 ,0.002, 6 , 1 ,85.71,14.29
30,Arabic/Arbi, 6 ,0.002, 6 , -   ,100.00,0.00
31,Koda/Kora, 6 ,0.002, 1 , 5 ,16.67,83.33
32,Bodo/Boro, 6 ,0.002, 6 , -   ,100.00,0.00
33,Khasi, 4 ,0.001, 1 , 3 ,25.00,75.00
34,Adi, 3 ,0.001, 2 , 1 ,66.67,33.33
35,Dimasa, 2 ,0.001, 2 , -   ,100.00,0.00
36,Mogh, 2 ,0.001, 1 , 1 ,50.00,50.00
37,Maram, 2 ,0.001, 2 , -   ,100.00,0.00
38,Bhili/Bhilodi, 1 ,0.000, -   , 1 ,0.00,100.00
39,Lushai/Mizo, 1 ,0.000, 1 , -   ,100.00,0.00
,Total of Other Languages," 6,517 ",2.322," 5,083 "," 1,434 ",78.00,22.00
,All Languages Total," 280,661 ",100.000," 205,706 "," 74,955 ",73.29,26.71
,,,,,,,
,Chandigarh,,,,,,
1,Hindi," 392,054 ",61.066," 38,917 "," 353,137 ",9.93,90.07
2,Punjabi," 222,890 ",34.717," 25,973 "," 196,917 ",11.65,88.35
3,Tamil," 5,318 ",0.828, 357 ," 4,961 ",6.71,93.29
4,Urdu," 4,570 ",0.712, 188 ," 4,382 ",4.11,95.89
5,Bengali," 3,034 ",0.473, 109 ," 2,925 ",3.59,96.41
6,Malayalam," 2,435 ",0.379, 63 ," 2,372 ",2.59,97.41
7,Nepali," 2,416 ",0.376, 251 ," 2,165 ",10.39,89.61
8,Gujarati," 1,398 ",0.218, 43 ," 1,355 ",3.08,96.92
9,Telugu," 1,131 ",0.176, 26 ," 1,105 ",2.30,97.70
10,Kashmiri," 1,109 ",0.173, 19 ," 1,090 ",1.71,98.29
11,Marathi," 1,093 ",0.170, 38 ," 1,055 ",3.48,96.52
12,Dogri, 773 ,0.120, 35 , 738 ,4.53,95.47
13,Oriya, 683 ,0.106, 38 , 645 ,5.56,94.44
14,Kannada, 350 ,0.055, -   , 350 ,0.00,100.00
15,English, 349 ,0.054, -   , 349 ,0.00,100.00
16,Assemese, 237 ,0.037, 6 , 231 ,2.53,97.47
17,Sindhi, 171 ,0.027, -   , 171 ,0.00,100.00
18,Manipuri, 168 ,0.026, -   , 168 ,0.00,100.00
19,Tibetan, 129 ,0.020, -   , 129 ,0.00,100.00
20,Konkani, 126 ,0.020, -   , 126 ,0.00,100.00
21,Lahnda, 49 ,0.008, -   , 49 ,0.00,100.00
22,Sanskrit, 45 ,0.007, -   , 45 ,0.00,100.00
23,Kinnauri, 16 ,0.002, -   , 16 ,0.00,100.00
24,Lushai/Mizo, 16 ,0.002, -   , 16 ,0.00,100.00
25,Tulu, 14 ,0.002, -   , 14 ,0.00,100.00
26,Arabic/Arbi, 10 ,0.002, -   , 10 ,0.00,100.00
27,Bhili/Bhilodi, 9 ,0.001, 5 , 4 ,55.56,44.44
28,Lahauli, 8 ,0.001, -   , 8 ,0.00,100.00
29,Munda, 8 ,0.001, -   , 8 ,0.00,100.00
30,Zemi, 8 ,0.001, 7 , 1 ,87.50,12.50
31,Kurukh/Oraon, 7 ,0.001, -   , 7 ,0.00,100.00
32,Khasi, 6 ,0.001, -   , 6 ,0.00,100.00
33,Kharia, 5 ,0.001, -   , 5 ,0.00,100.00
34,Kuki, 3 ,0.000, -   , 3 ,0.00,100.00
35,Garo, 3 ,0.000, -   , 3 ,0.00,100.00
36,Bhotia, 2 ,0.000, -   , 2 ,0.00,100.00
37,Gondi, 2 ,0.000, -   , 2 ,0.00,100.00
38,Kabui, 2 ,0.000, -   , 2 ,0.00,100.00
39,Mao, 1 ,0.000, -   , 1 ,0.00,100.00
40,Santali, 1 ,0.000, -   , 1 ,0.00,100.00
41,Pochury, 1 ,0.000, -   , 1 ,0.00,100.00
,Total of Other Languages," 1,365 ",0.213, 111 ," 1,254 ",8.13,91.87
,All Languages Total," 642,015 ",100.000," 66,186 "," 575,829 ",10.31,89.69
,,,,,,,
,Dadra And Nagar Haveli,,,,,,
1,Bhili/Bhilodi," 76,207 ",55.032," 73,515 "," 2,692 ",96.47,3.53
2,Gujarati," 30,346 ",21.914," 25,425 "," 4,921 ",83.78,16.22
3,Konkani," 17,062 ",12.321," 16,966 ", 96 ,99.44,0.56
4,Hindi," 6,992 ",5.049," 5,278 "," 1,714 ",75.49,24.51
5,Marathi," 4,936 ",3.564," 4,192 ", 744 ,84.93,15.07
6,Malayalam, 803 ,0.580, 347 , 456 ,43.21,56.79
7,Kannada, 521 ,0.376, 355 , 166 ,68.14,31.86
8,Tamil, 199 ,0.144, 87 , 112 ,43.72,56.28
9,Urdu, 198 ,0.143, 106 , 92 ,53.54,46.46
10,Bengali, 145 ,0.105, 84 , 61 ,57.93,42.07
11,Sindhi, 122 ,0.088, 33 , 89 ,27.05,72.95
12,Telugu, 112 ,0.081, 64 , 48 ,57.14,42.86
13,Oriya, 80 ,0.058, 63 , 17 ,78.75,21.25
14,Nepali, 78 ,0.056, 56 , 22 ,71.79,28.21
15,Khandeshi, 61 ,0.044, 29 , 32 ,47.54,52.46
16,English, 55 ,0.040, 24 , 31 ,43.64,56.36
17,Dogri, 7 ,0.005, 2 , 5 ,28.57,71.43
18,Manipuri, 5 ,0.004, 5 , -   ,100.00,0.00
19,Arabic/Arbi, 2 ,0.001, -   , 2 ,0.00,100.00
20,Kurukh/Oraon, 1 ,0.001, -   , 1 ,0.00,100.00
21,Tulu, 1 ,0.001, 1 , -   ,100.00,0.00
,Total of Other Languages, 514 ,0.371, 105 , 409 ,20.43,79.57
,All Languages Total," 138,477 ",100.000," 126,752 "," 11,725 ",91.53,8.47
,,,,,,,
,Daman And Diu,,,,,,
1,Gujarati," 92,579 ",91.134," 50,990 "," 41,589 ",55.08,44.92
2,Hindi," 3,645 ",3.588," 1,748 "," 1,897 ",47.96,52.04
3,Marathi," 1,256 ",1.236, 663 , 593 ,52.79,47.21
4,Malayalam, 283 ,0.279, 59 , 224 ,20.85,79.15
5,Kannada, 167 ,0.164, 119 , 48 ,71.26,28.74
6,Konkani, 158 ,0.156, 18 , 140 ,11.39,88.61
7,Punjabi, 134 ,0.132, 23 , 111 ,17.16,82.84
8,Bengali, 134 ,0.132, 47 , 87 ,35.07,64.93
9,English, 118 ,0.116, 46 , 72 ,38.98,61.02
10,Tamil, 100 ,0.098, 37 , 63 ,37.00,63.00
11,Telugu, 95 ,0.094, 37 , 58 ,38.95,61.05
12,Urdu, 84 ,0.083, 30 , 54 ,35.71,64.29
13,Nepali, 81 ,0.080, 55 , 26 ,67.90,32.10
14,Sindhi, 80 ,0.079, 2 , 78 ,2.50,97.50
15,Bhili/Bhilodi, 61 ,0.060, 6 , 55 ,9.84,90.16
16,Oriya, 46 ,0.045, 33 , 13 ,71.74,28.26
17,Dogri, 10 ,0.010, 3 , 7 ,30.00,70.00
18,Tulu, 6 ,0.006, -   , 6 ,0.00,100.00
19,Assemese, 1 ,0.001, -   , 1 ,0.00,100.00
,Total of Other Languages," 2,548 ",2.508, 127 ," 2,421 ",4.98,95.02
,All Languages Total," 101,586 ",100.000," 54,043 "," 47,543 ",53.20,46.80
,,,,,,,
,Delhi,,,,,,
1,Hindi," 7,690,631 ",81.636," 896,351 "," 6,794,280 ",11.66,88.34
2,Punjabi," 748,145 ",7.942," 16,496 "," 731,649 ",2.20,97.80
3,Urdu," 512,990 ",5.445," 21,344 "," 491,646 ",4.16,95.84
4,Bengali," 121,938 ",1.294," 3,183 "," 118,755 ",2.61,97.39
5,Tamil," 84,873 ",0.901," 3,440 "," 81,433 ",4.05,95.95
6,Malayalam," 64,952 ",0.689," 2,409 "," 62,543 ",3.71,96.29
7,Sindhi," 37,381 ",0.397, 559 ," 36,822 ",1.50,98.50
8,Gujarati," 26,732 ",0.284, 416 ," 26,316 ",1.56,98.44
9,Nepali," 26,390 ",0.280," 1,323 "," 25,067 ",5.01,94.99
10,Telugu," 22,882 ",0.243, 541 ," 22,341 ",2.36,97.64
11,Marathi," 20,393 ",0.216," 1,120 "," 19,273 ",5.49,94.51
12,Oriya," 13,099 ",0.139, 528 ," 12,571 ",4.03,95.97
13,Kashmiri," 11,360 ",0.121, 171 ," 11,189 ",1.51,98.49
14,Kannada," 9,923 ",0.105, 392 ," 9,531 ",3.95,96.05
15,Lahnda," 4,281 ",0.045, 24 ," 4,257 ",0.56,99.44
16,Dogri," 4,186 ",0.044, 228 ," 3,958 ",5.45,94.55
17,English," 3,622 ",0.038, 35 ," 3,587 ",0.97,99.03
18,Assemese," 2,730 ",0.029, 80 ," 2,650 ",2.93,97.07
19,Konkani," 2,518 ",0.027, 10 ," 2,508 ",0.40,99.60
20,Tibetan," 1,666 ",0.018, -   ," 1,666 ",0.00,100.00
21,Sanskrit, 587 ,0.006, 130 , 457 ,22.15,77.85
22,Arabic/Arbi, 492 ,0.005, 17 , 475 ,3.46,96.54
23,Bhili/Bhilodi, 404 ,0.004, 21 , 383 ,5.20,94.80
24,Kurukh/Oraon, 255 ,0.003, 9 , 246 ,3.53,96.47
25,Gondi, 251 ,0.003, -   , 251 ,0.00,100.00
26,Manipuri, 221 ,0.002, -   , 221 ,0.00,100.00
27,Santali, 214 ,0.002, 6 , 208 ,2.80,97.20
28,Tulu, 209 ,0.002, -   , 209 ,0.00,100.00
29,Khandeshi, 205 ,0.002, 4 , 201 ,1.95,98.05
30,Lushai/Mizo, 176 ,0.002, -   , 176 ,0.00,100.00
31,Khasi, 90 ,0.001, 2 , 88 ,2.22,97.78
32,Munda, 87 ,0.001, -   , 87 ,0.00,100.00
33,Mundari, 69 ,0.001, -   , 69 ,0.00,100.00
34,Adi, 63 ,0.001, -   , 63 ,0.00,100.00
35,Kharia, 56 ,0.001, 3 , 53 ,5.36,94.64
36,Bodo/Boro, 39 ,0.000, 5 , 34 ,12.82,87.18
37,Coorgi/Kodagu, 31 ,0.000, -   , 31 ,0.00,100.00
38,Tangkhul, 31 ,0.000, -   , 31 ,0.00,100.00
39,Tripuri, 29 ,0.000, -   , 29 ,0.00,100.00
40,Garo, 27 ,0.000, -   , 27 ,0.00,100.00
41,Kinnauri, 26 ,0.000, -   , 26 ,0.00,100.00
42,Kabui, 24 ,0.000, -   , 24 ,0.00,100.00
43,Bhotia, 22 ,0.000, -   , 22 ,0.00,100.00
44,Thado, 20 ,0.000, -   , 20 ,0.00,100.00
45,Korwa, 18 ,0.000, -   , 18 ,0.00,100.00
46,Paite, 18 ,0.000, -   , 18 ,0.00,100.00
47,Lahauli, 13 ,0.000, -   , 13 ,0.00,100.00
48,Angami, 12 ,0.000, -   , 12 ,0.00,100.00
49,Ao, 11 ,0.000, -   , 11 ,0.00,100.00
50,Bhumij, 10 ,0.000, -   , 10 ,0.00,100.00
51,Ho, 10 ,0.000, -   , 10 ,0.00,100.00
52,Kuki, 10 ,0.000, -   , 10 ,0.00,100.00
53,Nissi/Dafla, 10 ,0.000, -   , 10 ,0.00,100.00
54,Tangsa, 10 ,0.000, -   , 10 ,0.00,100.00
55,Karbi/Mikir, 8 ,0.000, -   , 8 ,0.00,100.00
56,Sema, 8 ,0.000, -   , 8 ,0.00,100.00
57,Mishmi, 7 ,0.000, -   , 7 ,0.00,100.00
58,Gangte, 6 ,0.000, -   , 6 ,0.00,100.00
59,Lepcha, 6 ,0.000, -   , 6 ,0.00,100.00
60,Mao, 6 ,0.000, -   , 6 ,0.00,100.00
61,Korku, 4 ,0.000, -   , 4 ,0.00,100.00
62,Konda, 4 ,0.000, -   , 4 ,0.00,100.00
63,Lakher, 3 ,0.000, -   , 3 ,0.00,100.00
64,Hmar, 3 ,0.000, -   , 3 ,0.00,100.00
65,Pochury, 3 ,0.000, 3 , -   ,100.00,0.00
66,Anal, 2 ,0.000, -   , 2 ,0.00,100.00
67,Kolami, 2 ,0.000, -   , 2 ,0.00,100.00
68,Dimasa, 2 ,0.000, -   , 2 ,0.00,100.00
69,Khezha, 1 ,0.000, -   , 1 ,0.00,100.00
70,Koda/Kora, 1 ,0.000, -   , 1 ,0.00,100.00
71,Gadaba, 1 ,0.000, -   , 1 ,0.00,100.00
72,Zeliang, 1 ,0.000, -   , 1 ,0.00,100.00
73,Nicobarese, 1 ,0.000, -   , 1 ,0.00,100.00
74,Lotha, 1 ,0.000, -   , 1 ,0.00,100.00
75,Monpa, 1 ,0.000, -   , 1 ,0.00,100.00
76,Rengma, 1 ,0.000, -   , 1 ,0.00,100.00
,Total of Other Languages," 6,130 ",0.065, 169 ," 5,961 ",2.76,97.24
,All Languages Total," 9,420,644 ",100.000," 949,019 "," 8,471,625 ",10.07,89.93
,,,,,,,
,Lakshadweep,,,,,,
1,Malayalam," 43,678 ",84.472," 22,315 "," 21,363 ",51.09,48.91
2,Tamil, 282 ,0.545, 55 , 227 ,19.50,80.50
3,Hindi, 217 ,0.420, 86 , 131 ,39.63,60.37
4,Kannada, 65 ,0.126, 31 , 34 ,47.69,52.31
5,Marathi, 41 ,0.079, 24 , 17 ,58.54,41.46
6,Urdu, 37 ,0.072, 1 , 36 ,2.70,97.30
7,Gujarati, 15 ,0.029, 9 , 6 ,60.00,40.00
8,Telugu, 15 ,0.029, 2 , 13 ,13.33,86.67
9,English, 10 ,0.019, 6 , 4 ,60.00,40.00
10,Konkani, 9 ,0.017, 4 , 5 ,44.44,55.56
11,Bengali, 8 ,0.015, -   , 8 ,0.00,100.00
12,Nepali, 6 ,0.012, 5 , 1 ,83.33,16.67
13,Oriya, 5 ,0.010, 2 , 3 ,40.00,60.00
14,Kurukh/Oraon, 5 ,0.010, 5 , -   ,100.00,0.00
15,Punjabi, 2 ,0.004, -   , 2 ,0.00,100.00
16,Tulu, 2 ,0.004, 2 , -   ,100.00,0.00
,Total of Other Languages," 7,310 ",14.137, 46 ," 7,264 ",0.63,99.37
,All Languages Total," 51,707 ",100.000," 22,593 "," 29,114 ",43.69,56.31
,,,,,,,
,Pondicherry,,,,,,
1,Tamil," 720,473 ",89.191," 286,149 "," 434,324 ",39.72,60.28
2,Malayalam," 38,392 ",4.753, 314 ," 38,078 ",0.82,99.18
3,Telugu," 34,799 ",4.308," 2,898 "," 31,901 ",8.33,91.67
4,Urdu," 6,170 ",0.764, 748 ," 5,422 ",12.12,87.88
5,Hindi," 2,537 ",0.314, 313 ," 2,224 ",12.34,87.66
6,Kannada," 1,290 ",0.160, 76 ," 1,214 ",5.89,94.11
7,Gujarati, 957 ,0.118, 85 , 872 ,8.88,91.12
8,Bengali, 756 ,0.094, 25 , 731 ,3.31,96.69
9,Marathi, 571 ,0.071, 17 , 554 ,2.98,97.02
10,English, 353 ,0.044, 4 , 349 ,1.13,98.87
11,Nepali, 310 ,0.038, 139 , 171 ,44.84,55.16
12,Oriya, 244 ,0.030, 19 , 225 ,7.79,92.21
13,Punjabi, 117 ,0.014, 2 , 115 ,1.71,98.29
14,Konkani, 58 ,0.007, 1 , 57 ,1.72,98.28
15,Sindhi, 48 ,0.006, -   , 48 ,0.00,100.00
16,Tulu, 24 ,0.003, -   , 24 ,0.00,100.00
17,Assemese, 19 ,0.002, -   , 19 ,0.00,100.00
18,Dimasa, 13 ,0.002, -   , 13 ,0.00,100.00
19,Kashmiri, 11 ,0.001, -   , 11 ,0.00,100.00
20,Arabic/Arbi, 11 ,0.001, -   , 11 ,0.00,100.00
21,Tibetan, 8 ,0.001, -   , 8 ,0.00,100.00
22,Manipuri, 6 ,0.001, -   , 6 ,0.00,100.00
23,Adi, 4 ,0.000, -   , 4 ,0.00,100.00
24,Angami, 3 ,0.000, -   , 3 ,0.00,100.00
25,Dogri, 3 ,0.000, 1 , 2 ,33.33,66.67
26,Nicobarese, 3 ,0.000, -   , 3 ,0.00,100.00
27,Sanskrit, 2 ,0.000, -   , 2 ,0.00,100.00
28,Khasi, 2 ,0.000, -   , 2 ,0.00,100.00
29,Monpa, 2 ,0.000, -   , 2 ,0.00,100.00
30,Nissi/Dafla, 2 ,0.000, -   , 2 ,0.00,100.00
31,Santali, 2 ,0.000, -   , 2 ,0.00,100.00
32,Ao, 1 ,0.000, -   , 1 ,0.00,100.00
33,Deori, 1 ,0.000, -   , 1 ,0.00,100.00
34,Coorgi/Kodagu, 1 ,0.000, -   , 1 ,0.00,100.00
35,Chakru/Chokri, 1 ,0.000, -   , 1 ,0.00,100.00
36,Mundari, 1 ,0.000, -   , 1 ,0.00,100.00
37,Nocte, 1 ,0.000, -   , 1 ,0.00,100.00
,Total of Other Languages, 589 ,0.073, 9 , 580 ,1.53,98.47
,All Languages Total," 807,785 ",100.000," 290,800 "," 516,985 ",36.00,64.00
